TITLE,DESCRIPTION,PRICE,CURRENCY_CODE,QUANTITY,TAGS,MATERIALS,IMAGE1,IMAGE2,IMAGE3,IMAGE4,IMAGE5,IMAGE6,IMAGE7,IMAGE8,IMAGE9,IMAGE10,VARIATION 1 TYPE,VARIATION 1 NAME,VARIATION 1 VALUES,VARIATION 2 TYPE,VARIATION 2 NAME,VARIATION 2 VALUES,SKU
"Solid Oak Mantel Beam - All Sizes, Oiled, Pre-Drilled, Free Fixings Included Fireplace Mantlepiece Wood Lintel for Log Burner Mantle Shelf","Our Oak Mantel Beams are crafted to order, thus available in a variety of sizes and lengths - shall you need custom length please send a message with your requirements. We offer three different styles of finishing: sanded, lightly worked or heavily worked.

#NAME?
#NAME?
#NAME?

WHAT YOU WILL BE RECEIVING:

#NAME?
#NAME?
#NAME?

Our products are hand planed and sanded, therefore finished size can deviate up to 1/3"".

Please note, oak beams are natural products and comes with its own cracks, shakes, splits, knocks and other individual characteristics. Changes on appearance on some small level may continue until oak has fully settled. These are not considered as defects, we trust it will add a hint of nature to your home. 

Product color is generally light oak, although it is not uncommon for it to be with some slightly darker shades.

As all beams are made to order we generally get them dispatched within 5 working days, but if you require your order before a certain date please get in touch to check we can meet your deadline prior to ordering.",20,GBP,3,"Oak_Mantle,Oak_Mantel,Lintel,Mantle_Shelf,Oak_Mantle_Beam,Oak_Mantle_Fireplace,Oak_Mantel_Beam,Mantel_Shelf,Floating_Shelf,eichenbalken,viga_madera,mensola_camino,Traditional_Beam",,https://i.etsystatic.com/19500261/r/il/73715e/5356976862/il_fullxfull.5356976862_1sow.jpg,https://i.etsystatic.com/19500261/r/il/e71a7c/5356977418/il_fullxfull.5356977418_c4jz.jpg,https://i.etsystatic.com/19500261/r/il/eb619c/7733202541/il_fullxfull.7733202541_q74f.jpg,https://i.etsystatic.com/19500261/r/il/99e2fd/3579645041/il_fullxfull.3579645041_8hz7.jpg,https://i.etsystatic.com/19500261/r/il/f6fd33/3532002852/il_fullxfull.3532002852_iwrg.jpg,https://i.etsystatic.com/19500261/r/il/c915b0/3579645035/il_fullxfull.3579645035_rjmx.jpg,https://i.etsystatic.com/19500261/r/il/f64215/1767002754/il_fullxfull.1767002754_afa6.jpg,https://i.etsystatic.com/19500261/r/il/2a5968/5405147543/il_fullxfull.5405147543_gic9.jpg,https://i.etsystatic.com/19500261/r/il/a085de/5405148585/il_fullxfull.5405148585_m1mq.jpg,https://i.etsystatic.com/19500261/r/il/95f3f3/3532033742/il_fullxfull.3532033742_e3k6.jpg,Custom Property,Beam Size (Front Side x Top Side):,"3""x4"" (7,6x10,2cm),3""x5"" (7,6x12,7cm),3""x6"" (7,6x15,2cm),4""x4"" (10,2x10,2cm),4""x5"" (10,2x12,7cm),4""x6"" (10,2x15,2cm),5""x3"" (12,7x7,6cm),5""x4"" (12,7x10,2cm),5""x5"" (12,7x12,7cm),5""x6"" (12,7x15,2cm),6""x3"" (15,2x7,6cm),6""x4"" (15,2x10,2cm),6""x5"" (15,2x12,7cm),6""x6"" (15,2x15,2cm),7""x3"" (17,8x7,6cm),7""x4"" (17,8x10,2cm),7""x5"" (17,8x12,7cm),7""x6"" (17,8x15,2cm),8""x3"" (20,3x7,6cm),8""x4"" (20,3x10,2cm),8""x5"" (20,3x12,7cm),8""x6"" (20,3x15,2cm),9""x3"" (22,9x7,6cm),9""x4"" (22,9x10,2cm),9""x5"" (22,9x12,7cm),9""x6"" (22,9x15,2cm),Sample1",Custom Property,Beam Lenght:,"3ft (91,4cm),3,5ft (106,7cm),4ft (121,9cm),4,5ft (137,2cm),5ft (152,4cm),5,5ft (167,6cm),6ft (182,9cm),6,5ft (198,1cm),Sample2",MantleBeam2
"Natural SOLID OAK Coat Rack with Shelf,  Handmade Wooden Entryway Furniture, Cast Iron Hooks, Towel hanger, Wall mounted metal retro classic","Coat Rack made from solid natural oak, with shelf and classical hooks can be perfect finishing touch to your hallway, kitchen or bathroom.
Regardless of your home decor – modern or traditional one, our classic design Coat Racks, with variety of oil colours will fit right into it. 
Our Coat Racks are handmade to order, so can be adjusted to fit your need exactly, just order a shelf which is the next size up to your needs and leave us a note on order. 

DIMENTIONS:
HIGHT: 17cm
DEPTH: 10cm
LENGHT:
2 Hooks – 40cm
3 Hooks – 52cm
4 Hooks – 64cm
5 Hooks – 76cm
6 Hooks – 88cm
7 Hooks – 98cm
8 Hooks – 110cm
9 Hooks – 120cm
10 Hooks – 130cm
11 Hooks – 140cm
12 Hooks – 150cm.

INSTALLATION:
Our Coat Rack will be supplied fully assembled. We will provide fixings suitable for solid wall.

Every Coat Rack is unique as every bit of oak is having its own character including different oak colours and small knots.",20,GBP,10,"Natural_Oak,Solid_Oak,Handmade,Coat_Rack,With_Shelf,Vintage,Entryway,Cast_Iron,Hooks,Hallway,Utility_Room,Bedroom,Bathroom",Oak,https://i.etsystatic.com/19500261/r/il/7655d5/3757368530/il_fullxfull.3757368530_t05u.jpg,https://i.etsystatic.com/19500261/r/il/67bcfd/3974253544/il_fullxfull.3974253544_egfb.jpg,https://i.etsystatic.com/19500261/r/il/c17819/3804962243/il_fullxfull.3804962243_3i3b.jpg,https://i.etsystatic.com/19500261/r/il/78c4c1/3757368514/il_fullxfull.3757368514_ng6c.jpg,https://i.etsystatic.com/19500261/r/il/071839/3999341768/il_fullxfull.3999341768_qfp6.jpg,https://i.etsystatic.com/19500261/r/il/0254c0/4046990053/il_fullxfull.4046990053_l09n.jpg,https://i.etsystatic.com/19500261/r/il/8167b8/6844682744/il_fullxfull.6844682744_59rz.jpg,https://i.etsystatic.com/19500261/r/il/7da565/6844682938/il_fullxfull.6844682938_13ku.jpg,https://i.etsystatic.com/19500261/r/il/bdbae6/7113047657/il_fullxfull.7113047657_ctt6.jpg,https://i.etsystatic.com/19500261/r/il/00b195/7065095370/il_fullxfull.7065095370_gssh.jpg,Custom Property,Size,"40cm - 2 Hooks,52cm - 3 Hooks,64cm - 4 Hooks,76cm - 5 Hooks,88cm - 6 Hooks,98cm - 7 Hooks,110cm - 8 Hooks,120cm - 9 Hooks,130cm - 10 Hooks,140cm - 11 Hooks,150cm - 12 Hooks,Colour Sample",Custom Property,Oil Colour + Hooks Colour,"Clear + Black,Clear + Gold,Clear + Old Copper,Clear + Chrome,Clear + Old Brass,Old Oak + Black,Old Oak + Gold,Old Oak + Old Copper,Old Oak + Chrome,Old Oak + Old Brass,Dark + Black,Dark + Gold,Dark + Old Copper,Dark + Chrome,Dark + Old Brass,Grey + Black,Grey + Gold,Grey + Old Copper,Grey + Chrome,Grey + Old Brass,Ligth Grey + Black,Light Grey + Gold,Light Grey+OldCopper,Light Grey + Chrome,Light Grey+Old Brass,White + Black,White + Gold,White  + Old Copper,White + Chrome,White + Old Brass",CR1
"Natural Floating Solid Oak Shelf -Custom Sizes Oiled Ready to Install, Rustic Wall Mounted Storage Wood Shelving Handcrafted Shelves Kitchen","Our Solid Oak Shelves are crafted to order, thus available in a variety of sizes and lengths - please send a message for your custom ones. To meet your custom needs we offer two different types of brackets and few oil colours.

Handmade from solid oak, this floating shelf is perfect for minimal shelf styling or cottagecore decor. Ideal for adding a warm, natural touch to any room.

WHAT YOU WILL BE RECEIVING:

- Solid Oak Shelf 40mm thick and of selected width and length.
#NAME?
#NAME?
#NAME?

Our products are hand planed and sanded, therefore finished size can deviate up to 1/4"".

Please note, oak shelves are natural products and comes with its own cracks, shakes, splits, knocks and other individual characteristics. Changes on appearance on some small level may continue until oak has fully settled. These are not considered as defects, we trust it will add a hint of nature to your home. 

Product color is generally light oak, although it is not uncommon for it to be with some slightly darker shades.

As all our products are made to order we generally get them dispatched within 5 working days, but if you require your order before a certain date please get in touch to check we can meet your deadline prior to ordering.",15,GBP,1,"Kitchen_Shelving,estante_de_roble,Solid_Oak_Shelf,Wall_Mounted_Shelves,Mantel_Mantle_Shelfs,Floating_Traditional,Living_Room_Rustic,Minimal_Styling,Neutral_Home_Decor,Aesthetic_Storage,Cottagecore_Design,Hygge_home_ideas,Handmade_Wood_wooden",,https://i.etsystatic.com/19500261/r/il/0344ee/5856416960/il_fullxfull.5856416960_r19g.jpg,https://i.etsystatic.com/19500261/r/il/2b0766/6781588374/il_fullxfull.6781588374_5wxt.jpg,https://i.etsystatic.com/19500261/r/il/77ada0/6781588964/il_fullxfull.6781588964_5zry.jpg,https://i.etsystatic.com/19500261/r/il/040302/6781588952/il_fullxfull.6781588952_1san.jpg,https://i.etsystatic.com/19500261/r/il/3f148c/5851374038/il_fullxfull.5851374038_5xt2.jpg,https://i.etsystatic.com/19500261/r/il/301d25/5904461283/il_fullxfull.5904461283_mcwl.jpg,https://i.etsystatic.com/19500261/r/il/390323/5851369910/il_fullxfull.5851369910_rseg.jpg,https://i.etsystatic.com/19500261/r/il/5bd58f/5899462565/il_fullxfull.5899462565_6k8s.jpg,https://i.etsystatic.com/19500261/r/il/999fbc/5856365264/il_fullxfull.5856365264_2fxm.jpg,https://i.etsystatic.com/19500261/r/il/927d3c/5856365258/il_fullxfull.5856365258_m45z.jpg,Custom Property,Width x Lenght (cm),"15 x 30,15 x 40,15 x 50,15 x 60,15 x 70,15 x 80,15 x 90,15 x 100,15 x 110,15 x 120,15 x 130,15 x 140,15 x 150,20 x 30,20 x 40,20 x 50,20 x 60,20 x 70,20 x 80,20 x 90,20 x 100,20 x 110,20 x 120,20 x 130,20 x 140,20 x 150,25 x 30,25 x 40,25 x 50,25 x 60,25 x 70,25 x 80,25 x 90,25 x 100,25 x 110,25 x 120,25 x 130,25 x 140,25 x 150,30 x 30,30 x 40,30 x 50,30 x 60,30 x 70,30 x 80,30 x 90,30 x 100,30 x 110,30 x 120,30 x 130,30 x 140,30 x 150,Sample 10 x 15",Custom Property,Bracket type,"Hidden fixings,Black Brackets"",""Oak Shelf1",
"Solid Oak Fireplace Beam Mantel -ALL SIZES Pre-Drilled Free Fixings, Natural Wood Mantelpiece, Wooden Lintel Mantle Shelf Log Burner Rustic","Our Oak Mantel Beams are crafted to order, thus available in a variety of sizes and lengths - shall you need custom length please send us a message with your requirements.

Add timeless elegance and natural charm to your living room decor. Perfect for cottagecore interiors or hygge home ideas, this handmade mantle piece is both functional and aesthetic.

We offer three different styles of finishing: sanded, lightly worked or heavily worked.

#NAME?
#NAME?
#NAME?

WHAT YOU WILL BE RECEIVING:

#NAME?
#NAME?
#NAME?

Our products are hand planed and sanded, therefore finished size can deviate up to 1/3"".

Please note, oak beams are natural products and comes with its own cracks, shakes, splits, knocks and other individual characteristics. Changes on appearance on some small level may continue until oak has fully settled. These are not considered as defects, we trust it will add a hint of nature to your home. 

Product color is generally light oak, although it is not uncommon for it to be with some slightly darker shades.

As all beams are made to order we generally get them dispatched within 5 working days, but if you require your order before a certain date please get in touch to check we can meet your deadline prior to ordering.",20,GBP,5,"Floating_Shelf,viga_madera,traditional_beam,Solid_Oak_Mantel,Natural_Wood_Mantle,Traditional_Lintel,Fireplace_beam,Living_Room_Shelving,wooden_decor,timeless_elegance,cottagecore_interior,hygge_home_ideas,eichenbalken_boho",,https://i.etsystatic.com/19500261/r/il/223338/5806464710/il_fullxfull.5806464710_klry.jpg,https://i.etsystatic.com/19500261/r/il/c5c61e/7733198667/il_fullxfull.7733198667_6917.jpg,https://i.etsystatic.com/19500261/r/il/99e2fd/3579645041/il_fullxfull.3579645041_8hz7.jpg,https://i.etsystatic.com/19500261/r/il/f6fd33/3532002852/il_fullxfull.3532002852_iwrg.jpg,https://i.etsystatic.com/19500261/r/il/c915b0/3579645035/il_fullxfull.3579645035_rjmx.jpg,https://i.etsystatic.com/19500261/r/il/65ca21/8039748806/il_fullxfull.8039748806_dk3m.jpg,https://i.etsystatic.com/19500261/r/il/06318a/5806466404/il_fullxfull.5806466404_5hol.jpg,https://i.etsystatic.com/19500261/r/il/917c2f/5854551865/il_fullxfull.5854551865_d81j.jpg,https://i.etsystatic.com/19500261/r/il/70c4e6/3699940910/il_fullxfull.3699940910_mqgq.jpg,https://i.etsystatic.com/19500261/r/il/1307ea/5806468446/il_fullxfull.5806468446_1xog.jpg,Custom Property,Beam Size (Front Side x Top Side):,"3""x4"" (7,6x10,2cm),3""x5"" (7,6x12,7cm),3""x6"" (7,6x15,2cm),4""x4"" (10,2x10,2cm),4""x5"" (10,2x12,7cm),4""x6"" (10,2x15,2cm),5""x3"" (12,7x7,6cm),5""x4"" (12,7x10,2cm),5""x5"" (12,7x12,7cm),5""x6"" (12,7x15,2cm),6""x3"" (15,2x7,6cm),6""x4"" (15,2x10,2cm),6""x5"" (15,2x12,7cm),6""x6"" (15,2x15,2cm),7""x3"" (17,8x7,6cm),7""x4"" (17,8x10,2cm),7""x5"" (17,8x12,7cm),7""x6"" (17,8x15,2cm),8""x3"" (20,3x7,6cm),8""x4"" (20,3x10,2cm),8""x5"" (20,3x12,7cm),8""x6"" (20,3x15,2cm),9""x3"" (22,9x7,6cm),9""x4"" (22,9x10,2cm),9""x5"" (22,9x12,7cm),9""x6"" (22,9x15,2cm),Sample1",Custom Property,Beam Lenght:,"3ft (91,4cm),3,5ft (106,7cm),4ft (121,9cm),4,5ft (137,2cm),5ft (152,4cm),5,5ft (167,6cm),6ft (182,9cm),6,5ft (198,1cm),Sample2",MantleBeam4
"Natural SOLID OAK Coat Rack with Shelf,  Handmade Wooden Entryway Rail, Cast Iron Hooks, Towel hanger, Wall mounted Furniture retro classic","Coat Rack made from solid natural oak, with shelf and classical hooks can be perfect finishing touch to your hallway, kitchen or bathroom.
Regardless of your home decor – modern or traditional one, our classic design Coat Racks, with variety of oil colours will fit right into it. 
Our Coat Racks are handmade to order, so can be adjusted to fit your need exactly, just order a shelf which is the next size up to your needs and leave us a note on order. 

DIMENTIONS:
HIGHT: 17cm
DEPTH: 10cm
LENGHT:
2 Hooks – 40cm
3 Hooks – 52cm
4 Hooks – 64cm
5 Hooks – 76cm
6 Hooks – 88cm
7 Hooks – 98cm
8 Hooks – 110cm
9 Hooks – 120cm
10 Hooks – 130cm
11 Hooks – 140cm
12 Hooks – 150cm.

INSTALLATION:
Our Coat Rack will be supplied fully assembled. We will provide fixings suitable for solid wall.

Every Coat Rack is unique as every bit of oak is having its own character including different oak colours and small knots.",20,GBP,3,"Natural_Oak,Solid_Oak,Handmade,Coat_Rack,With_Shelf,Vintage,Entryway,Cast_Iron,Hooks,Hallway,Utility_Room,Bedroom,Bathroom",Oak,https://i.etsystatic.com/19500261/r/il/4181fc/6844745214/il_fullxfull.6844745214_1ndc.jpg,https://i.etsystatic.com/19500261/r/il/7655d5/3757368530/il_fullxfull.3757368530_t05u.jpg,https://i.etsystatic.com/19500261/r/il/67bcfd/3974253544/il_fullxfull.3974253544_egfb.jpg,https://i.etsystatic.com/19500261/r/il/78c4c1/3757368514/il_fullxfull.3757368514_ng6c.jpg,https://i.etsystatic.com/19500261/r/il/071839/3999341768/il_fullxfull.3999341768_qfp6.jpg,https://i.etsystatic.com/19500261/r/il/0254c0/4046990053/il_fullxfull.4046990053_l09n.jpg,https://i.etsystatic.com/19500261/r/il/cf98fb/6844684816/il_fullxfull.6844684816_cv5l.jpg,https://i.etsystatic.com/19500261/r/il/cd10c8/6892660001/il_fullxfull.6892660001_kacs.jpg,https://i.etsystatic.com/19500261/r/il/f7c6f5/7956647042/il_fullxfull.7956647042_kqm8.jpg,https://i.etsystatic.com/19500261/r/il/f21b33/7956647254/il_fullxfull.7956647254_3gp6.jpg,Custom Property,Size,"40cm - 2 Hooks,52cm - 3 Hooks,64cm - 4 Hooks,76cm - 5 Hooks,88cm - 6 Hooks,98cm - 7 Hooks,110cm - 8 Hooks,120cm - 9 Hooks,130cm - 10 Hooks,140cm - 11 Hooks,150cm - 12 Hooks,Colour Sample",Custom Property,Oil Colour + Hooks Colour,"Clear + Black,Clear + Gold,Clear + Old Copper,Clear + Chrome,Clear + Old Brass,Old Oak + Black,Old Oak + Gold,Old Oak + Old Copper,Old Oak + Chrome,Old Oak + Old Brass,Dark + Black,Dark + Gold,Dark + Old Copper,Dark + Chrome,Dark + Old Brass,Grey + Black,Grey + Gold,Grey + Old Copper,Grey + Chrome,Grey + Old Brass,Ligth Grey + Black,Light Grey + Gold,Light Grey+OldCopper,Light Grey + Chrome,Light Grey+Old Brass,White + Black,White + Gold,White + Old Copper,White + Chrome,White + Old Brass",CR8
"SOLID OAK Coat Rack with Shelf, Handmade Wooden Entryway Furniture Cast Iron Hooks, Towel Hanger Wall mounted, rail hook porte manteau mural","Coat Rack made from solid natural oak, with shelf and classical hooks can be perfect finishing touch to your hallway, kitchen or bathroom.
Regardless of your home decor – modern or traditional one, our classic design Coat Racks, with variety of oil colours will fit right into it. 
Our Coat Racks are handmade to order, so can be adjusted to fit your need exactly, just order a shelf which is the next size up to your needs and leave us a note on order. 

DIMENTIONS:
HIGHT: 17cm
DEPTH: 10cm
LENGHT:
2 Hooks – 40cm
3 Hooks – 52cm
4 Hooks – 64cm
5 Hooks – 76cm
6 Hooks – 88cm
7 Hooks – 98cm
8 Hooks – 110cm
9 Hooks – 120cm
10 Hooks – 130cm
11 Hooks – 140cm
12 Hooks – 150cm.

INSTALLATION:
Our Coat Rack will be supplied fully assembled. We will provide fixings suitable for solid wall.

Every Coat Rack is unique as every bit of oak is having its own character including different oak colours and small knots.",20,GBP,8,"Natural_Oak,Solid_Oak,Handmade,Coat_Rack,With_Shelf,Entryway,Cast_Iron,Hooks,Hallway,Utility_Room,Bedroom,Bathroom,Wall_mounted","Wood,Cast iron,Oak",https://i.etsystatic.com/19500261/r/il/2de777/6179520959/il_fullxfull.6179520959_14qf.jpg,https://i.etsystatic.com/19500261/r/il/ccd724/6131412436/il_fullxfull.6131412436_rqp8.jpg,https://i.etsystatic.com/19500261/r/il/479e69/3974419736/il_fullxfull.3974419736_904t.jpg,https://i.etsystatic.com/19500261/r/il/324053/3974417878/il_fullxfull.3974417878_cfkl.jpg,https://i.etsystatic.com/19500261/r/il/fcfbc8/4046996691/il_fullxfull.4046996691_b9so.jpg,https://i.etsystatic.com/19500261/r/il/070fb0/4046997037/il_fullxfull.4046997037_80c2.jpg,https://i.etsystatic.com/19500261/r/il/ab6bb9/6892672559/il_fullxfull.6892672559_m1b5.jpg,https://i.etsystatic.com/19500261/r/il/aa6915/6844696912/il_fullxfull.6844696912_m7bk.jpg,https://i.etsystatic.com/19500261/r/il/600bc0/8005049807/il_fullxfull.8005049807_9pkl.jpg,https://i.etsystatic.com/19500261/r/il/9dbad2/7957090514/il_fullxfull.7957090514_kthn.jpg,Custom Property,Size,"40cm - 2 Hooks,52cm - 3 Hooks,64cm - 4 Hooks,76cm - 5 Hooks,88cm - 6 Hooks,98cm - 7 Hooks,110cm - 8 Hooks,120cm - 9 Hooks,130cm - 10 Hooks,140cm - 11 Hooks,150cm - 12 Hooks,Colour Sample",Custom Property,Oil Colour + Hooks Colour,"Clear Oil + Black,Clear + Gold,Clear + Old Copper,Clear Oil + Chrome,Clear + Old Brass,Old Oak + Black,Old Oak + Gold,Old Oak + Old Copper,Old Oak + Chrome,Old Oak + Old Brass,Dark + Black,Dark + Gold,Dark + Old Copper,Dark + Chrome,Dark + Old Brass,Grey + Black,Grey + Gold,Grey + Old Copper,Grey + Chrome,Grey + Old Brass,Light Grey + Black,Light Grey + Gold,Light Grey+OldCopper,Light Grey + Chrome,Light Grey+Old Brass,White + Black,White + Chrome,White + Gold,White + Old Copper,White + Old Brass",CR4
Solid Oak Mantel Beam -All Sizes Oiled Pre-Drilled Free Fixings Fireplace Mantelpiece Wood Lintel Log Burner Mantle Shelf Rustic Wooden Aged,"Our Oak Mantel Beams are crafted to order, thus available in a variety of sizes and lengths - shall you need custom length please send a message with your requirements. We offer three different styles of finishing: sanded, lightly worked or heavily worked.

#NAME?
#NAME?
#NAME?

WHAT YOU WILL BE RECEIVING:

#NAME?
#NAME?
#NAME?

Our products are hand planed and sanded, therefore finished size can deviate up to 1/3"".

Please note, oak beams are natural products and comes with its own cracks, shakes, splits, knocks and other individual characteristics. Changes on appearance on some small level may continue until oak has fully settled. These are not considered as defects, we trust it will add a hint of nature to your home. 

Product color is generally light oak, although it is not uncommon for it to be with some slightly darker shades.

As all beams are made to order we generally get them dispatched within 5 working days, but if you require your order before a certain date please get in touch to check we can meet your deadline prior to ordering.",20,GBP,12,"Oak_Mantle,Oak_Mantel,Lintel,Mantle_Shelf,Oak_Mantle_Beam,Oak_Mantel_Fireplace,Oak_Mantel_Beam,Mantel_Shelf,Floating_Shelf,eichenbalken,viga_madera,Traditional_Beam,mensola_camino",,https://i.etsystatic.com/19500261/r/il/be99d1/5356975516/il_fullxfull.5356975516_72tx.jpg,https://i.etsystatic.com/19500261/r/il/4a6140/7733199949/il_fullxfull.7733199949_l6dy.jpg,https://i.etsystatic.com/19500261/r/il/bf4fa3/5405142725/il_fullxfull.5405142725_68fh.jpg,https://i.etsystatic.com/19500261/r/il/c2ba53/5405143443/il_fullxfull.5405143443_c4jz.jpg,https://i.etsystatic.com/19500261/r/il/99e2fd/3579645041/il_fullxfull.3579645041_8hz7.jpg,https://i.etsystatic.com/19500261/r/il/f6fd33/3532002852/il_fullxfull.3532002852_iwrg.jpg,https://i.etsystatic.com/19500261/r/il/c915b0/3579645035/il_fullxfull.3579645035_rjmx.jpg,https://i.etsystatic.com/19500261/r/il/f64215/1767002754/il_fullxfull.1767002754_afa6.jpg,https://i.etsystatic.com/19500261/r/il/05a798/5356973874/il_fullxfull.5356973874_gic9.jpg,https://i.etsystatic.com/19500261/r/il/5874c4/5405144225/il_fullxfull.5405144225_m1mq.jpg,Custom Property,Beam Size (Front Side x Top Side):,"3""x4"" (7,6x10,2cm),3""x5"" (7,6x12,7cm),3""x6"" (7,6x15,2cm),4""x4"" (10,2x10,2cm),4""x5"" (10,2x12,7cm),4""x6"" (10,2x15,2cm),5""x3"" (12,7x7,6cm),5""x4"" (12,7x10,2cm),5""x5"" (12,7x12,7cm),5""x6"" (12,7x15,2cm),6""x3"" (15,2x7,6cm),6""x4"" (15,2x10,2cm),6""x5"" (15,2x12,7cm),6""x6"" (15,2x15,2cm),7""x3"" (17,8x7,6cm),7""x4"" (17,8x10,2cm),7""x5"" (17,8x12,7cm),7""x6"" (17,8x15,2cm),8""x3"" (20,3x7,6cm),8""x4"" (20,3x10,2cm),8""x5"" (20,3x12,7cm),8""x6"" (20,3x15,2cm),9""x3"" (22,9x7,6cm),9""x4"" (22,9x10,2cm),9""x5"" (22,9x12,7cm),9""x6"" (22,9x15,2cm),Sample1",Custom Property,Beam Lenght:,"3ft (91,4cm),3,5ft (106,7cm),4ft (121,9cm),4,5ft (137,2cm),5ft (152,4cm),5,5ft (167,6cm),6ft (182,9cm),6,5ft (198,1cm),Sample2",MantleBeam1
"Natural SOLID OAK Coat Rack with Shelf,  Handmade Wooden Entryway Furniture, Cast Iron Hooks, Towel hanger, Wall mounted metal retro classic","Coat Rack made from solid natural oak, with shelf and classical hooks can be perfect finishing touch to your hallway, kitchen or bathroom.
Regardless of your home decor – modern or traditional one, our classic design Coat Racks, with variety of oil colours will fit right into it. 
Our Coat Racks are handmade to order, so can be adjusted to fit your need exactly, just order a shelf which is the next size up to your needs and leave us a note on order. 

DIMENTIONS:
HIGHT: 17cm
DEPTH: 10cm
LENGHT:
2 Hooks – 40cm
3 Hooks – 52cm
4 Hooks – 64cm
5 Hooks – 76cm
6 Hooks – 88cm
7 Hooks – 98cm
8 Hooks – 110cm
9 Hooks – 120cm
10 Hooks – 130cm
11 Hooks – 140cm
12 Hooks – 150cm.

INSTALLATION:
Our Coat Rack will be supplied fully assembled. We will provide fixings suitable for solid wall.

Every Coat Rack is unique as every bit of oak is having its own character including different oak colours and small knots.",20,GBP,11,"Natural_Oak,Solid_Oak,Handmade,Coat_Rack,With_Shelf,Vintage,Entryway,Cast_Iron,Hooks,Hallway,Utility_Room,Bedroom,Bathroom",Oak,https://i.etsystatic.com/19500261/r/il/05daa2/6179541575/il_fullxfull.6179541575_gclc.jpg,https://i.etsystatic.com/19500261/r/il/67bcfd/3974253544/il_fullxfull.3974253544_egfb.jpg,https://i.etsystatic.com/19500261/r/il/c17819/3804962243/il_fullxfull.3804962243_3i3b.jpg,https://i.etsystatic.com/19500261/r/il/78c4c1/3757368514/il_fullxfull.3757368514_ng6c.jpg,https://i.etsystatic.com/19500261/r/il/071839/3999341768/il_fullxfull.3999341768_qfp6.jpg,https://i.etsystatic.com/19500261/r/il/0254c0/4046990053/il_fullxfull.4046990053_l09n.jpg,https://i.etsystatic.com/19500261/r/il/b31d7c/6844686554/il_fullxfull.6844686554_nfgm.jpg,https://i.etsystatic.com/19500261/r/il/b5198d/6844686876/il_fullxfull.6844686876_arhf.jpg,https://i.etsystatic.com/19500261/r/il/6533a5/8004593295/il_fullxfull.8004593295_d46m.jpg,https://i.etsystatic.com/19500261/r/il/39b9e6/7956633644/il_fullxfull.7956633644_qorl.jpg,Custom Property,Size,"40cm - 2 Hooks,52cm - 3 Hooks,64cm - 4 Hooks,76cm - 5 Hooks,88cm - 6 Hooks,98cm - 7 Hooks,110cm - 8 Hooks,120cm - 9 Hooks,130cm - 10 Hooks,140cm - 11 Hooks,150cm - 12 Hooks,Colour Sample",Custom Property,Oil Colour + Hooks Colour,"Clear + Black,Clear + Gold,Clear + Old Copper,Clear + Chrome,Clear + Old Brass,Old Oak + Black,Old Oak + Gold,Old Oak + Old Copper,Old Oak + Chrome,Old Oak + Old Brass,Dark + Black,Dark + Gold,Dark + Old Copper,Dark + Chrome,Dark + Old Brass,Grey + Black,Grey + Gold,Grey + Old Copper,Grey + Chrome,Grey + Old Brass,Ligth Grey + Black,Light Grey + Gold,Light Grey+OldCopper,Light Grey + Chrome,Light Grey+Old Brass,White + Black,White + Gold,White + Old Copper,White + Chrome,White + Old Brass",CR5
"Solid Oak Mantle Beam - selection of sizes Oiled Pre-Drilled Fixings, Fireplace Mantelpiece Wood Lintel Aged Log Burner Mantel Shelf Rustic","Our Oak Mantel Beams are crafted to order, thus available in a variety of sizes and lengths - shall you need custom length please send a message with your requirements. We offer three different styles of finishing: sanded, lightly worked or heavily worked.

#NAME?
#NAME?
#NAME?

WHAT YOU WILL BE RECEIVING:

#NAME?
#NAME?
#NAME?

Our products are hand planed and sanded, therefore finished size can deviate up to 1/3"".

Please note, oak beams are natural products and comes with its own cracks, shakes, splits, knocks and other individual characteristics. Changes on appearance on some small level may continue until oak has fully settled. These are not considered as defects, we trust it will add a hint of nature to your home. 

Product color is generally light oak, although it is not uncommon for it to be with some slightly darker shades.

As all beams are made to order we generally get them dispatched within 5 working days, but if you require your order before a certain date please get in touch to check we can meet your deadline prior to ordering.",20,GBP,10,"Oak_Mantle,Oak_Mantel,Lintel,Mantle_Shelf,Oak_Mantle_Beam,Oak_Mantel_Fireplace,Oak_Mantel_Beam,Mantel_Shelf,Floating_Shelf,eichenbalken,viga_madera,Traditional_Beam,Fireplace_beam",,https://i.etsystatic.com/19500261/r/il/92005e/5405100321/il_fullxfull.5405100321_1ypb.jpg,https://i.etsystatic.com/19500261/r/il/6296d4/5356958570/il_fullxfull.5356958570_1mfm.jpg,https://i.etsystatic.com/19500261/r/il/82a83a/5356937110/il_fullxfull.5356937110_72tx.jpg,https://i.etsystatic.com/19500261/r/il/3c1a11/1814455945/il_fullxfull.1814455945_c4jz.jpg,https://i.etsystatic.com/19500261/r/il/5ff2d0/7685260930/il_fullxfull.7685260930_kmea.jpg,https://i.etsystatic.com/19500261/r/il/99e2fd/3579645041/il_fullxfull.3579645041_8hz7.jpg,https://i.etsystatic.com/19500261/r/il/f6fd33/3532002852/il_fullxfull.3532002852_iwrg.jpg,https://i.etsystatic.com/19500261/r/il/c915b0/3579645035/il_fullxfull.3579645035_rjmx.jpg,https://i.etsystatic.com/19500261/r/il/59cf15/5356932684/il_fullxfull.5356932684_gic9.jpg,https://i.etsystatic.com/19500261/r/il/0c39cf/5356933620/il_fullxfull.5356933620_m1mq.jpg,Custom Property,Beam Size (Front Side x Top Side):,"3""x4"" (7,6x10,2cm),3""x5"" (7,6x12,7cm),3""x6"" (7,6x15,2cm),4""x4"" (10,2x10,2cm),4""x5"" (10,2x12,7cm),4""x6"" (10,2x15,2cm),5""x3"" (12,7x7,6cm),5""x4"" (12,7x10,2cm),5""x5"" (12,7x12,7cm),5""x6"" (12,7x15,2cm),6""x3"" (15,2x7,6cm),6""x4"" (15,2x10,2cm),6""x5"" (15,2x12,7cm),6""x6"" (15,2x15,2cm),7""x3"" (17,8x7,6cm),7""x4"" (17,8x10,2cm),7""x5"" (17,8x12,7cm),7""x6"" (17,8x15,2cm),8""x3"" (20,3x7,6cm),8""x4"" (20,3x10,2cm),8""x5"" (20,3x12,7cm),8""x6"" (20,3x15,2cm),9""x3"" (22,9x7,6cm),9""x4"" (22,9x10,2cm),9""x5"" (22,9x12,7cm),9""x6"" (22,9x15,2cm),Sample1",Custom Property,Beam Lenght:,"3ft (91,4cm),3,5ft (106,7cm),4ft (121,9cm),4,5ft (137,2cm),5ft (152,4cm),5,5ft (167,6cm),6ft (182,9cm),6,5ft (198,1cm),Sample2",MantleBeam1OLD
"Solid Oak Mantle Beam - All Sizes Oiled Pre-Drilled Free Fixings, Fireplace Mantelpiece Wood Lintel Aged Log Burner Mantel Shelf Rustic","Our Oak Mantel Beams are crafted to order, thus available in a variety of sizes and lengths - shall you need custom length please send a message with your requirements. We offer three different styles of finishing: sanded, lightly worked or heavily worked.

#NAME?
#NAME?
#NAME?

WHAT YOU WILL BE RECEIVING:

#NAME?
#NAME?
#NAME?

Our products are hand planed and sanded, therefore finished size can deviate up to 1/3"".

Please note, oak beams are natural products and comes with its own cracks, shakes, splits, knocks and other individual characteristics. Changes on appearance on some small level may continue until oak has fully settled. These are not considered as defects, we trust it will add a hint of nature to your home. 

Product color is generally light oak, although it is not uncommon for it to be with some slightly darker shades.

As all beams are made to order we generally get them dispatched within 5 working days, but if you require your order before a certain date please get in touch to check we can meet your deadline prior to ordering.",20,GBP,9,"Oak_Mantle,Oak_Mantel,Lintel,Mantle_Shelf,Oak_Mantle_Beam,Oak_Mantel_Fireplace,Oak_Mantel_Beam,Mantel_Shelf,Floating_Shelf,eichenbalken,viga_madera,Traditional_Beam,Mensola_Camino",,https://i.etsystatic.com/19500261/r/il/7a64af/5448907711/il_fullxfull.5448907711_m1mq.jpg,https://i.etsystatic.com/19500261/r/il/be99d1/5356975516/il_fullxfull.5356975516_72tx.jpg,https://i.etsystatic.com/19500261/r/il/bf4fa3/5405142725/il_fullxfull.5405142725_68fh.jpg,https://i.etsystatic.com/19500261/r/il/c2ba53/5405143443/il_fullxfull.5405143443_c4jz.jpg,https://i.etsystatic.com/19500261/r/il/f2c1d7/7733200877/il_fullxfull.7733200877_4gub.jpg,https://i.etsystatic.com/19500261/r/il/99e2fd/3579645041/il_fullxfull.3579645041_8hz7.jpg,https://i.etsystatic.com/19500261/r/il/f6fd33/3532002852/il_fullxfull.3532002852_iwrg.jpg,https://i.etsystatic.com/19500261/r/il/c915b0/3579645035/il_fullxfull.3579645035_rjmx.jpg,https://i.etsystatic.com/19500261/r/il/f64215/1767002754/il_fullxfull.1767002754_afa6.jpg,https://i.etsystatic.com/19500261/r/il/05a798/5356973874/il_fullxfull.5356973874_gic9.jpg,Custom Property,Beam Size (Front Side x Top Side):,"3""x4"" (7,6x10,2cm),3""x5"" (7,6x12,7cm),3""x6"" (7,6x15,2cm),4""x4"" (10,2x10,2cm),4""x5"" (10,2x12,7cm),4""x6"" (10,2x15,2cm),5""x3"" (12,7x7,6cm),5""x4"" (12,7x10,2cm),5""x5"" (12,7x12,7cm),5""x6"" (12,7x15,2cm),6""x3"" (15,2x7,6cm),6""x4"" (15,2x10,2cm),6""x5"" (15,2x12,7cm),6""x6"" (15,2x15,2cm),7""x3"" (17,8x7,6cm),7""x4"" (17,8x10,2cm),7""x5"" (17,8x12,7cm),7""x6"" (17,8x15,2cm),8""x3"" (20,3x7,6cm),8""x4"" (20,3x10,2cm),8""x5"" (20,3x12,7cm),8""x6"" (20,3x15,2cm),9""x3"" (22,9x7,6cm),9""x4"" (22,9x10,2cm),9""x5"" (22,9x12,7cm),9""x6"" (22,9x15,2cm),Sample1",Custom Property,Beam Lenght:,"3ft (91,4cm),3,5ft (106,7cm),4ft (121,9cm),4,5ft (137,2cm),5ft (152,4cm),5,5ft (167,6cm),6ft (182,9cm),6,5ft (198,1cm),Sample2",MantleBeam5
Oak Coat Racks (SET of 2 ) Hook Handmade Wooden Entryway Shelf with Cast Iron Hooks Towel hanger Rail wall mounted retro classic vintage,"This listing is for 2 pieces of Oak Coat Racks, - one/top piece is made with shelf and another without shelf. This matching set of Coat Racks will help to involve your little ones into organizing your hallway.
Our Coat Racks are made from solid natural oak, with shelf and classical hooks can be perfect finishing touch to your hallway, kitchen or bathroom.
Regardless of your home decor – modern or traditional one, our classic design Coat Racks, with variety of oil colours will fit right into it. 
Our Coat Racks are handmade to order, so can be adjusted to fit your need exactly, just order a shelf which is the next size up to your needs and leave us a note on order. 

DIMENTIONS:
HIGHT: 17cm
DEPTH: 10cm
LENGHT:
2 Hooks – 40cm
3 Hooks – 52cm
4 Hooks – 64cm
5 Hooks – 76cm
6 Hooks – 88cm
7 Hooks – 98cm
8 Hooks – 110cm
9 Hooks – 120cm
10 Hooks – 130cm
11 Hooks – 140cm
12 Hooks – 150cm.

INSTALLATION:
Our Coat Rack will be supplied fully assembled. We will provide fixings suitable for solid wall.

Every Coat Rack is unique as every bit of oak is having its own character including different oak colours and small knots.",20,GBP,1,"Natural_Oak,Solid_Oak,Handmade,Coat_Rack,With_Shelf,Vintage,Entryway,Cast_Iron,Hooks,Hallway,Utility_Room,Bedroom,Bathroom",Oak,https://i.etsystatic.com/19500261/r/il/98c6c6/5400744678/il_fullxfull.5400744678_8a2i.jpg,https://i.etsystatic.com/19500261/r/il/b7f802/4787074902/il_fullxfull.4787074902_mw2w.jpg,https://i.etsystatic.com/19500261/r/il/02e83e/5448888119/il_fullxfull.5448888119_optd.jpg,https://i.etsystatic.com/19500261/r/il/7655d5/3757368530/il_fullxfull.3757368530_t05u.jpg,https://i.etsystatic.com/19500261/r/il/c17819/3804962243/il_fullxfull.3804962243_3i3b.jpg,https://i.etsystatic.com/19500261/r/il/071839/3999341768/il_fullxfull.3999341768_qfp6.jpg,https://i.etsystatic.com/19500261/r/il/fda3df/6892663845/il_fullxfull.6892663845_r0ao.jpg,https://i.etsystatic.com/19500261/r/il/250fd3/6892663555/il_fullxfull.6892663555_83et.jpg,https://i.etsystatic.com/19500261/r/il/1d7f30/8004624411/il_fullxfull.8004624411_jwhy.jpg,https://i.etsystatic.com/19500261/r/il/883df7/8004624521/il_fullxfull.8004624521_9q2u.jpg,Custom Property,Size,"40cm - 2 Hooks,52cm - 3 Hooks,64cm - 4 Hooks,76cm - 5 Hooks,88cm - 6 Hooks,98cm - 7 Hooks,110cm - 8 Hooks,120cm - 9 Hooks,130cm - 10 Hooks,140cm - 11 Hooks,150cm - 12 Hooks,SAMPLE of Colour",Custom Property,Oil Colour + Hooks Colour,"Clear + Black,Clear + Gold,Clear + Old Copper,Clear + Chrome,Clear + Old Brass,Old Oak + Black,Old Oak + Gold,Old Oak + Old Copper,Old Oak + Chrome,Old Oak + Old Brass,Dark + Black,Dark + Gold,Dark + Old Copper,Dark + Chrome,Dark + Old Brass,Grey + Black,Grey + Gold,Grey + Old Copper,Grey + Chrome,Grey + Old Brass,Ligth Grey + Black,Light Grey + Gold,Light Grey+OldCopper,Light Grey + Chrome,Light Grey+Old Brass,White + Black,White + Gold,White + Old Copper,White + Chrome,White + Old Brass",CRDouble1
Solid Oak Floating Shelf 4cm thick Different Sizes Oiled Ready to Fix Pre-Drilled Natural  Wood Shelving Handcrafted Rustic Shelves Kitchen,"Our Solid Oak Shelves are crafted to order, thus available in a variety of sizes and lengths - please send a message for your custom ones. We offer two different brackets and few oil colours.

WHAT YOU WILL BE RECEIVING:

- Solid Oak Shelf 40mm thick and of selected width and length.
#NAME?
#NAME?
#NAME?

Our products are hand planed and sanded, therefore finished size can deviate up to 1/4"".

Please note, oak shelves are natural products and comes with its own cracks, shakes, splits, knocks and other individual characteristics. Changes on appearance on some small level may continue until oak has fully settled. These are not considered as defects, we trust it will add a hint of nature to your home. 

Product color is generally light oak, although it is not uncommon for it to be with some slightly darker shades.

As all our products are made to order we generally get them dispatched within 5 working days, but if you require your order before a certain date please get in touch to check we can meet your deadline prior to ordering.",20,GBP,14,"Mantel_Shelf,Floating_Shelf,Shelf,Shelves,Kitchen_Shelf,Kitchen_Shelving,Traditional",,https://i.etsystatic.com/19500261/r/il/d66d05/6162691734/il_fullxfull.6162691734_fewu.jpg,https://i.etsystatic.com/19500261/r/il/47fb96/6781584670/il_fullxfull.6781584670_vhe2.jpg,https://i.etsystatic.com/19500261/r/il/8c9140/6829599127/il_fullxfull.6829599127_nk50.jpg,https://i.etsystatic.com/19500261/r/il/bed513/6829599115/il_fullxfull.6829599115_caqr.jpg,https://i.etsystatic.com/19500261/r/il/8a10e7/5904457917/il_fullxfull.5904457917_rhwx.jpg,https://i.etsystatic.com/19500261/r/il/1e4783/5904457075/il_fullxfull.5904457075_gc67.jpg,https://i.etsystatic.com/19500261/r/il/b8d4de/5856361124/il_fullxfull.5856361124_4crd.jpg,https://i.etsystatic.com/19500261/r/il/3f148c/5851374038/il_fullxfull.5851374038_5xt2.jpg,https://i.etsystatic.com/19500261/r/il/390323/5851369910/il_fullxfull.5851369910_rseg.jpg,,Custom Property,Width x Lenght (cm),"15 x 30,15 x 40,15 x 50,15 x 60,15 x 70,15 x 80,15 x 90,15 x 100,15 x 110,15 x 120,15 x 130,15 x 140,15 x 150,20 x 30,20 x 40,20 x 50,20 x 60,20 x 70,20 x 80,20 x 90,20 x 100,20 x 110,20 x 120,20 x 130,20 x 140,20 x 150,25 x 30,25 x 40,25 x 50,25 x 60,25 x 70,25 x 80,25 x 90,25 x 100,25 x 110,25 x 120,25 x 130,25 x 140,25 x 150,30 x 30,30 x 40,30 x 50,30 x 60,30 x 70,30 x 80,30 x 90,30 x 100,30 x 110,30 x 120,30 x 130,30 x 140,30 x 150,Sample 10 x 15",Custom Property,Bracket type,"Hidden fixings,Black Brackets"",""Oak Shelf2",
"Solid Oak Mantel Beam - All Sizes, Oiled, Pre-Drilled, Free Fixings Included Fireplace Mantlepiece Wood Lintel for Log Burner Mantle Shelf","Our Oak Mantel Beams are crafted to order, thus available in a variety of sizes and lengths - shall you need custom length please send a message with your requirements. We offer three different styles of finishing: sanded, lightly worked or heavily worked.

#NAME?
#NAME?
#NAME?

WHAT YOU WILL BE RECEIVING:

#NAME?
#NAME?
#NAME?

Our products are hand planed and sanded, therefore finished size can deviate up to 1/3"".

Please note, oak beams are natural products and comes with its own cracks, shakes, splits, knocks and other individual characteristics. Changes on appearance on some small level may continue until oak has fully settled. These are not considered as defects, we trust it will add a hint of nature to your home. 

Product color is generally light oak, although it is not uncommon for it to be with some slightly darker shades.

As all beams are made to order we generally get them dispatched within 5 working days, but if you require your order before a certain date please get in touch to check we can meet your deadline prior to ordering.",20,GBP,5,"Oak_Mantle,Oak_Mantel,Lintel,Mantle_Shelf,Oak_Mantle_Beam,Oak_Mantle_Fireplace,Oak_Mantel_Beam,Mantel_Shelf,Floating_Shelf,eichenbalken,viga_madera,mensola_camino,Oak_Beam",,https://i.etsystatic.com/19500261/r/il/5ddcbf/5405135867/il_fullxfull.5405135867_jmtx.jpg,https://i.etsystatic.com/19500261/r/il/057daf/5405136783/il_fullxfull.5405136783_h8mc.jpg,https://i.etsystatic.com/19500261/r/il/059ec9/5405137389/il_fullxfull.5405137389_hi3q.jpg,https://i.etsystatic.com/19500261/r/il/4ec80d/7685259736/il_fullxfull.7685259736_30s1.jpg,https://i.etsystatic.com/19500261/r/il/99e2fd/3579645041/il_fullxfull.3579645041_8hz7.jpg,https://i.etsystatic.com/19500261/r/il/f6fd33/3532002852/il_fullxfull.3532002852_iwrg.jpg,https://i.etsystatic.com/19500261/r/il/c915b0/3579645035/il_fullxfull.3579645035_rjmx.jpg,https://i.etsystatic.com/19500261/r/il/7575f6/5405135403/il_fullxfull.5405135403_1sow.jpg,https://i.etsystatic.com/19500261/r/il/946692/3532033738/il_fullxfull.3532033738_m1mq.jpg,https://i.etsystatic.com/19500261/r/il/1c4aed/3579676441/il_fullxfull.3579676441_gic9.jpg,Custom Property,Beam Size (Front Side x Top Side):,"3""x4"" (7,6x10,2cm),3""x5"" (7,6x12,7cm),3""x6"" (7,6x15,2cm),4""x4"" (10,2x10,2cm),4""x5"" (10,2x12,7cm),4""x6"" (10,2x15,2cm),5""x3"" (12,7x7,6cm),5""x4"" (12,7x10,2cm),5""x5"" (12,7x12,7cm),5""x6"" (12,7x15,2cm),6""x3"" (15,2x7,6cm),6""x4"" (15,2x10,2cm),6""x5"" (15,2x12,7cm),6""x6"" (15,2x15,2cm),7""x3"" (17,8x7,6cm),7""x4"" (17,8x10,2cm),7""x5"" (17,8x12,7cm),7""x6"" (17,8x15,2cm),8""x3"" (20,3x7,6cm),8""x4"" (20,3x10,2cm),8""x5"" (20,3x12,7cm),8""x6"" (20,3x15,2cm),9""x3"" (22,9x7,6cm),9""x4"" (22,9x10,2cm),9""x5"" (22,9x12,7cm),9""x6"" (22,9x15,2cm),Sample1",Custom Property,Beam Lenght:,"3ft (91,4cm),3,5ft (106,7cm),4ft (121,9cm),4,5ft (137,2cm),5ft (152,4cm),5,5ft (167,6cm),6ft (182,9cm),6,5ft (198,1cm),Sample2",MantleBeam2Copy
"Natural SOLID OAK Coat Rack with Shelf,  Handmade Wooden Entryway Furniture Cast Iron Hooks, Towel hanger, Wall mounted metal retro classic","Coat Rack made from solid natural oak, with shelf and classical hooks can be perfect finishing touch to your hallway, kitchen or bathroom.
Regardless of your home decor – modern or traditional one, our classic design Coat Racks, with variety of oil colours will fit right into it. 
Our Coat Racks are handmade to order, so can be adjusted to fit your need exactly, just order a shelf which is the next size up to your needs and leave us a note on order. 

DIMENTIONS:
HIGHT: 17cm
DEPTH: 10cm
LENGHT:
2 Hooks – 40cm
3 Hooks – 52cm
4 Hooks – 64cm
5 Hooks – 76cm
6 Hooks – 88cm
7 Hooks – 98cm
8 Hooks – 110cm
9 Hooks – 120cm
10 Hooks – 130cm
11 Hooks – 140cm
12 Hooks – 150cm.

INSTALLATION:
Our Coat Rack will be supplied fully assembled. We will provide fixings suitable for solid wall.

Every Coat Rack is unique as every bit of oak is having its own character including different oak colours and small knots.",20,GBP,6,"Natural_Oak,Solid_Oak,Handmade,Coat_Rack,With_Shelf,Vintage,Entryway,Cast_Iron,Hooks,Hallway,Utility_Room,Bedroom,Bathroom","Wood,Oak",https://i.etsystatic.com/19500261/r/il/610315/6892715895/il_fullxfull.6892715895_j10s.jpg,https://i.etsystatic.com/19500261/r/il/67bcfd/3974253544/il_fullxfull.3974253544_egfb.jpg,https://i.etsystatic.com/19500261/r/il/c17819/3804962243/il_fullxfull.3804962243_3i3b.jpg,https://i.etsystatic.com/19500261/r/il/78c4c1/3757368514/il_fullxfull.3757368514_ng6c.jpg,https://i.etsystatic.com/19500261/r/il/071839/3999341768/il_fullxfull.3999341768_qfp6.jpg,https://i.etsystatic.com/19500261/r/il/0254c0/4046990053/il_fullxfull.4046990053_l09n.jpg,https://i.etsystatic.com/19500261/r/il/3fe651/6892668295/il_fullxfull.6892668295_czhi.jpg,https://i.etsystatic.com/19500261/r/il/db9c0d/6892668125/il_fullxfull.6892668125_7w8q.jpg,https://i.etsystatic.com/19500261/r/il/0caa6c/8005029225/il_fullxfull.8005029225_tlcp.jpg,https://i.etsystatic.com/19500261/r/il/513eb0/7957070458/il_fullxfull.7957070458_cag3.jpg,Custom Property,Size,"40cm - 2 Hooks,52cm - 3 Hooks,64cm - 4 Hooks,76cm - 5 Hooks,88cm - 6 Hooks,98cm - 7 Hooks,110cm - 8 Hooks,120cm - 9 Hooks,130cm - 10 Hooks,140cm - 11 Hooks,150cm - 12 Hooks,Colour Sample",Custom Property,Oil Colour + Hooks Colour,"Clear + Black,Clear + Gold,Clear + Old Copper,Clear + Chrome,Clear + Old Brass,Old Oak + Black,Old Oak + Gold,Old Oak + Old Copper,Old Oak + Chrome,Old Oak + Old Bronze,Dark + Black,Dark + Gold,Dark + Old Copper,Dark + Chrome,Dark + Old Brass,Grey + Black,Grey + Gold,Grey + Old Copper,Grey + Chrome,Grey + Old Brass,Ligth Grey + Black,Light Grey + Gold,Light Grey+OldCopper,Light Grey + Chrome,Light Grey+Old Brass,White + Black,White + Gold,White + Old Copper,White + Chrome,White + Old Brass",CR9
"Natural SOLID OAK Coat Rack Rail, Handmade Wooden Entryway Furniture Cast Iron Hooks Towel hanger, Wall mounted metal retro classic","Coat Rack made from solid natural oak and classical hooks can be perfect finishing touch to your hallway, kitchen or bathroom. It also can go in pair with our coat rack with the shelf, please check our other listings.
Regardless of your home decor – modern or traditional one, our classic design Coat Racks, with variety of oil colours will fit right into it. 
Our Coat Racks are handmade to order, so can be adjusted to fit your need exactly, just order a shelf which is the next size up to your needs and leave us a note on order. 

STANDARD LENGHT:
2 Hooks – 40cm
3 Hooks – 52cm
4 Hooks – 64cm
5 Hooks – 76cm
6 Hooks – 88cm
7 Hooks – 98cm
8 Hooks – 110cm
9 Hooks – 120cm
10 Hooks – 130cm
11 Hooks – 140cm
12 Hooks – 150cm.

INSTALLATION:
Our Coat Rack will be supplied fully assembled. We will provide fixings suitable for solid wall.

Every Coat Rack is unique as every bit of oak is having its own character including different oak colours and small knots.",15,GBP,4,"Natural_Oak,Solid_Oak,Handmade,Coat_Rack,Vintage,Entryway,Cast_Iron,Hooks,Hallway,Utility_Room,Bedroom,Bathroom","Wood,Oak",https://i.etsystatic.com/19500261/r/il/4e12ca/6844639908/il_fullxfull.6844639908_p9k6.jpg,https://i.etsystatic.com/19500261/r/il/344830/8004628971/il_fullxfull.8004628971_hn5v.jpg,https://i.etsystatic.com/19500261/r/il/982796/8004629035/il_fullxfull.8004629035_l2vz.jpg,https://i.etsystatic.com/19500261/r/il/f5f885/6119800858/il_fullxfull.6119800858_fqov.jpg,https://i.etsystatic.com/19500261/r/il/d2f0cc/6119800860/il_fullxfull.6119800860_ozwa.jpg,https://i.etsystatic.com/19500261/r/il/757be3/6167922525/il_fullxfull.6167922525_p0nf.jpg,https://i.etsystatic.com/19500261/r/il/67bcfd/3974253544/il_fullxfull.3974253544_egfb.jpg,https://i.etsystatic.com/19500261/r/il/cd7458/6167924899/il_fullxfull.6167924899_c207.jpg,,,Custom Property,Size,"40cm - 2 Hooks,52cm - 3 Hooks,64cm - 4 Hooks,76cm - 5 Hooks,88cm - 6 Hooks,98cm - 7 Hooks,110cm - 8 Hooks,120cm - 9 Hooks,130cm - 10 Hooks,140cm - 11 Hooks,150cm - 12 Hooks,Colour Sample",Custom Property,Oil Colour + Hooks Colour,"Clear + Black,Clear + Gold,Clear + Old Copper,Clear + Chrome,Clear + Old Brass,Old Oak + Black,Old Oak + Gold,Old Oak + Old Copper,Old Oak + Chrome,Old Oak + Old Brass,Dark + Black,Dark + Gold,Dark + Old Copper,Dark + Chrome,Dark + Old Brass,Grey + Black,Grey + Gold,Grey + Old Copper,Grey + Chrome,Grey + Old Brass,Ligth Grey + Black,Light Grey + Gold,Light Grey+OldCopper,Light Grey + Chrome,Light Grey+Old Brass,White + Black,White + Gold,White + Old Copper,White + Chrome,White + Old Brass",CRB1
Solid Oak Floating Shelf 4cm thick Different Sizes Oiled Ready to Fix Pre-Drilled Wooden Shelving Handcrafted Rustic Shelves Kitchen,"Our Solid Oak Shelves are crafted to order, thus available in a variety of sizes and lengths - please send a message for your custom ones. We offer two different brackets and few oil colours.

WHAT YOU WILL BE RECEIVING:

- Solid Oak Shelf 40mm thick and of selected width and length.
#NAME?
#NAME?
#NAME?

Our products are hand planed and sanded, therefore finished size can deviate up to 1/4"".

Please note, oak shelves are natural products and comes with its own cracks, shakes, splits, knocks and other individual characteristics. Changes on appearance on some small level may continue until oak has fully settled. These are not considered as defects, we trust it will add a hint of nature to your home. 

Product color is generally light oak, although it is not uncommon for it to be with some slightly darker shades.

As all our products are made to order we generally get them dispatched within 5 working days, but if you require your order before a certain date please get in touch to check we can meet your deadline prior to ordering.",20,GBP,8,"Mantel_Shelf,Floating_Shelf,Shelf,Shelves,Kitchen_Shelf,Kitchen_Shelving,Traditional",,https://i.etsystatic.com/19500261/r/il/63bcf2/6829587875/il_fullxfull.6829587875_husc.jpg,https://i.etsystatic.com/19500261/r/il/c7a83b/6829582101/il_fullxfull.6829582101_f16s.jpg,https://i.etsystatic.com/19500261/r/il/3f148c/5851374038/il_fullxfull.5851374038_5xt2.jpg,https://i.etsystatic.com/19500261/r/il/301d25/5904461283/il_fullxfull.5904461283_mcwl.jpg,https://i.etsystatic.com/19500261/r/il/390323/5851369910/il_fullxfull.5851369910_rseg.jpg,https://i.etsystatic.com/19500261/r/il/5bd58f/5899462565/il_fullxfull.5899462565_6k8s.jpg,https://i.etsystatic.com/19500261/r/il/999fbc/5856365264/il_fullxfull.5856365264_2fxm.jpg,https://i.etsystatic.com/19500261/r/il/f0687a/6829583817/il_fullxfull.6829583817_4itr.jpg,https://i.etsystatic.com/19500261/r/il/835a21/6829584773/il_fullxfull.6829584773_h50f.jpg,,Custom Property,Width x Lenght (cm),"15 x 30,15 x 40,15 x 50,15 x 60,15 x 70,15 x 80,15 x 90,15 x 100,15 x 110,15 x 120,15 x 130,15 x 140,15 x 150,20 x 30,20 x40,20 x 50,20 x 60,20 x 70,20 x 80,20 x 90,20 x 100,20 x 110,20 x 120,20 x 130,20 x 140,20 x 150,25 x 30,25 x 40,25 x 50,25 x 60,25 x 70,25 x 80,25 x 90,25 x 100,25 x 110,25 x 120,25 x 130,25 x 140,25 x 150,30 x 30,30 x 40,30 x 50,30 x 60,30 x 70,30 x 80,30 x 90,30 x 100,30 x 110,30 x 120,30 x 130,30 x 140,30 x 150,Sample 10 x 15",Custom Property,Bracket type,"Hidden fixings,Black Brackets"",""Oak Shelf3",
"Wall Mounted Oak Coat Rack with Shelf, Entryway Organizer Rail Hooks, Solid Wood Hallway Storage, Handmade Rustic Wooden Holder Hook Hanger","This handmade solid oak coat rack brings functionality and charm to your entryway or hallway. Perfect for rustic and cottage-style interiors, it fits neutral home aesthetics and minimal shelf styling.

Coat Rack made from solid natural oak, with shelf and classical hooks can be perfect finishing touch to your hallway, kitchen or bathroom.
Regardless of your home decor – modern or traditional one, our classic design Coat Racks, with variety of oil colours will fit right into it. 
Our Coat Racks are handmade to order, so can be adjusted to fit your need exactly, just order a shelf which is the next size up to your needs and leave us a note on order. 

DIMENTIONS:
HIGHT: 17cm
DEPTH: 10cm
LENGHT:
2 Hooks – 40cm
3 Hooks – 52cm
4 Hooks – 64cm
5 Hooks – 76cm
6 Hooks – 88cm
7 Hooks – 98cm
8 Hooks – 110cm
9 Hooks – 120cm
10 Hooks – 130cm
11 Hooks – 140cm
12 Hooks – 150cm.

INSTALLATION:
Our Coat Rack will be supplied fully assembled. We will provide fixings suitable for solid wall.

Every Coat Rack is unique as every bit of oak is having its own character including different oak colours and small knots.",20,GBP,5,"kapstokken,Solid_Oak_Coat_Rack,Natural_Rustic_Wood,Entryway_Organizer,Hallway_Room_Storage,Utility_Bedroom_Hook,Cottage_Style,Minimal_Shelf_Style,Vintage_Design,Hooks_with_Shelf,boho_gift_idea,Metal_Wall_Mounted,neutral_furniture","Oak,Wood",https://i.etsystatic.com/19500261/r/il/7fd3f0/7016973115/il_fullxfull.7016973115_71tx.jpg,https://i.etsystatic.com/19500261/r/il/67770f/6892655359/il_fullxfull.6892655359_sw6s.jpg,https://i.etsystatic.com/19500261/r/il/54ab37/6892653017/il_fullxfull.6892653017_4z04.jpg,https://i.etsystatic.com/19500261/r/il/3d7dd7/6844677934/il_fullxfull.6844677934_qtu5.jpg,https://i.etsystatic.com/19500261/r/il/13e21c/3996314530/il_fullxfull.3996314530_p1uh.jpg,https://i.etsystatic.com/19500261/r/il/24bbbb/4043963901/il_fullxfull.4043963901_4c7s.jpg,https://i.etsystatic.com/19500261/r/il/7655d5/3757368530/il_fullxfull.3757368530_t05u.jpg,https://i.etsystatic.com/19500261/r/il/7998d5/4046970945/il_fullxfull.4046970945_r1lu.jpg,https://i.etsystatic.com/19500261/r/il/740b1d/7956658690/il_fullxfull.7956658690_osi4.jpg,https://i.etsystatic.com/19500261/r/il/2725cb/7956658740/il_fullxfull.7956658740_nj0s.jpg,Custom Property,Size,"40cm - 2 Hooks,52cm - 3 Hooks,64cm - 4 Hooks,76cm - 5 Hooks,88cm - 6 Hooks,98cm - 7 Hooks,110cm - 8 Hooks,120cm - 9 Hooks,130cm - 10 Hooks,140cm - 11 Hooks,150cm - 12 Hooks,Sample",Custom Property,Oil Colour + Hooks Colour,"Clear + Black,Clear + Gold,Clear + Old Copper,Clear + Chrome,Clear + Old Brass,Old Oak + Black,Old Oak + Gold,Old Oak + Old Copper,Old Oak + Chrome,Old Oak + Old Brass,Dark + Black,Dark + Gold,Dark + Old Copper,Dark + Chrome,Dark + Old Brass,Grey + Black,Grey + Gold,Grey + Old Copper,Grey + Chrome,Grey + Old Brass,Light Grey + Black,Light Grey + Gold,Light Grey+OldCopper,Light Grey + Chrome,Light Grey+Old Brass,White + Black,White + Gold,White + Old Copper,White + Chrome,White + Old Brass",CR2
Solid OAK Fireplace Surround CUSTOM sizes Handcrafted OILED Free Fixings Pre-Drilled Fire Decoration Lintel for Log Burner Mantle Mantel,"Our Oak Fire Surrounds are crafted to order, thus available in a variety of sizes and lengths - shall you need custom length for mantle beam or upstands please send a message with your requirements. We offer three different styles of finishing: sanded, lightly worked or heavily worked.

#NAME?
#NAME?
#NAME?

WHAT YOU WILL BE RECEIVING:

- Fire Surround (mantle beam + upstands) of selected length and preferred finish (please send us a message with required finish)
#NAME?
#NAME?

Our products are hand planed and sanded, therefore finished size can deviate up to 1/2"".

Please note, oak beams are natural products and comes with its own cracks, shakes, splits, knocks and other individual characteristics. Changes on appearance on some small level may continue until oak has fully settled. These are not considered as defects, we trust it will add a hint of nature to your home. 

Product color is generally light oak, although it is not uncommon for it to be with some slightly darker shades.

As all beams are made to order we generally get them dispatched within 5 working days, but if you require your order before a certain date please get in touch to check we can meet your deadline prior to ordering.",254,GBP,13,"Oak_Mantle,Oak_Mantel,Lintel,Mantle_Shelf,Oak_Mantle_Beam,Oak_Mantle_Fireplace,Oak_Mantel_Beam,Mantel_Shelf,Floating_Shelf,eichenbalken,viga_madera,mensola_camino,Fire_Surround","Wood,Oak",https://i.etsystatic.com/19500261/r/il/e0da92/4183948262/il_fullxfull.4183948262_1w59.jpg,https://i.etsystatic.com/19500261/r/il/78e5d6/4207762781/il_fullxfull.4207762781_d3ro.jpg,https://i.etsystatic.com/19500261/r/il/d4f776/4207763379/il_fullxfull.4207763379_5d6c.jpg,https://i.etsystatic.com/19500261/r/il/00d3e7/7685256808/il_fullxfull.7685256808_tfai.jpg,https://i.etsystatic.com/19500261/r/il/99e2fd/3579645041/il_fullxfull.3579645041_8hz7.jpg,https://i.etsystatic.com/19500261/r/il/f6fd33/3532002852/il_fullxfull.3532002852_iwrg.jpg,https://i.etsystatic.com/19500261/r/il/c915b0/3579645035/il_fullxfull.3579645035_rjmx.jpg,https://i.etsystatic.com/19500261/r/il/49b27a/4160109672/il_fullxfull.4160109672_9258.jpg,https://i.etsystatic.com/19500261/r/il/2e83c4/4160110104/il_fullxfull.4160110104_fjxw.jpg,https://i.etsystatic.com/19500261/r/il/03fb3a/4160110602/il_fullxfull.4160110602_9829.jpg,Custom Property,Mantle Beam (Front Side x Top side x Lenght):,"5"" x 4"" x 4ft,5"" x 4"" x 5ft,5"" x 5"" x 4ft,5"" x 5"" x 5ft,5"" x 6"" x 4ft,5"" x 6"" x 5ft,6"" x 4"" x 4ft,6"" x 4"" x 5ft,6"" x 6"" x 4ft,6"" x 6"" x 5ft,7"" x 4"" x 4ft,7"" x 4"" x 5ft,7"" x 5"" x 4ft,7"" x 5"" x 5ft,7"" x 6"" x 4ft,7"" x 6"" x 5ft,8"" x 4"" x 4ft,8"" x 4"" x 5ft,8"" x 6"" x 4ft,8"" x 6"" x 5ft",Custom Property,Upstand (Front Side x Depth x Height):,"5"" x 4"" x 3ft,5"" x 4"" x 4ft,5"" x 5"" x 3ft,5"" x 5"" x 4ft,5"" x 6"" x 3ft,5"" x 6"" x 4ft,6"" x 4"" x 3ft,6"" x 4"" x 4ft,6"" x 6"" x 3ft,6"" x 6"" x 4ft,7"" x 4"" x 3ft,7"" x 4"" x 4ft,7"" x 5"" x 3ft,7"" x 5"" x 4ft,7"" x 6"" x 3ft,7"" x 6"" x 4ft,8"" x 4"" x 3ft,8"" x 4"" x 4ft,8"" x 6"" x 3ft,8"" x 6"" x 4ft",
Fire Surround - Many Size Variations Hand Crafted Oiled Fixings Included Solid Oak Fireplace Decoration Lintel for Log Burner Mantle Bespoke,"Our Oak Fire Surrounds are crafted to order, thus available in a variety of sizes and lengths - shall you need custom length for mantle beam or upstands please send a message with your requirements. We offer three different styles of finishing: sanded, lightly worked or heavily worked.

#NAME?
#NAME?
#NAME?

WHAT YOU WILL BE RECEIVING:

- Fire Surround (mantle beam + upstands) of selected length and preferred finish (please send us a message with required finish)
#NAME?
#NAME?

Our products are hand planed and sanded, therefore finished size can deviate up to 1/3"".

Please note, oak beams are natural products and comes with its own cracks, shakes, splits, knocks and other individual characteristics. Changes on appearance on some small level may continue until oak has fully settled. These are not considered as defects, we trust it will add a hint of nature to your home. 

Product color is generally light oak, although it is not uncommon for it to be with some slightly darker shades.

As all beams are made to order we generally get them dispatched within 5 working days, but if you require your order before a certain date please get in touch to check we can meet your deadline prior to ordering.",254,GBP,11,"Oak_Mantle,Oak_Mantel,Lintel,Mantle_Shelf,Oak_Mantle_Beam,Oak_Mantle_Fireplace,Oak_Mantel_Beam,Mantel_Shelf,Floating_Shelf,eichenbalken,viga_madera,mensola_camino,Fire_Surround",,https://i.etsystatic.com/19500261/r/il/33b6d5/4771476698/il_fullxfull.4771476698_5d6c.jpg,https://i.etsystatic.com/19500261/r/il/78e5d6/4207762781/il_fullxfull.4207762781_d3ro.jpg,https://i.etsystatic.com/19500261/r/il/bc1490/4207760795/il_fullxfull.4207760795_1w59.jpg,https://i.etsystatic.com/19500261/r/il/b41c5f/7733194993/il_fullxfull.7733194993_am14.jpg,https://i.etsystatic.com/19500261/r/il/99e2fd/3579645041/il_fullxfull.3579645041_8hz7.jpg,https://i.etsystatic.com/19500261/r/il/f6fd33/3532002852/il_fullxfull.3532002852_iwrg.jpg,https://i.etsystatic.com/19500261/r/il/c915b0/3579645035/il_fullxfull.3579645035_rjmx.jpg,https://i.etsystatic.com/19500261/r/il/1d2c3e/7733211261/il_fullxfull.7733211261_hjl4.jpg,https://i.etsystatic.com/19500261/r/il/3b95f3/7733207171/il_fullxfull.7733207171_sos3.jpg,https://i.etsystatic.com/19500261/r/il/f530ef/7685270322/il_fullxfull.7685270322_4js8.jpg,Custom Property,Mantle Beam (Front Side x Top side x Lenght):,"5"" x 4"" x 4ft,5"" x 4"" x 5ft,5"" x 5"" x 4ft,5"" x 5"" x 5ft,5"" x 6"" x 4ft,5"" x 6"" x 5ft,6"" x 4"" x 4ft,6"" x 4"" x 5ft,6"" x 6"" x 4ft,6"" x 6"" x 5ft,7"" x 4"" x 4ft,7"" x 4"" x 5ft,7"" x 5"" x 4ft,7"" x 5"" x 5ft,7"" x 6"" x 4ft,7"" x 6"" x 5ft,8"" x 4"" x 4ft,8"" x 4"" x 5ft,8"" x 6"" x 4ft,8"" x 6"" x 5ft",Custom Property,Upstand (Front Side x Depth x Height):,"5"" x 4"" x 3ft,5"" x 4"" x 4ft,5"" x 5"" x 3ft,5"" x 5"" x 4ft,5"" x 6"" x 3ft,5"" x 6"" x 4ft,6"" x 4"" x 3ft,6"" x 4"" x 4ft,6"" x 6"" x 3ft,6"" x 6"" x 4ft,7"" x 4"" x 3ft,7"" x 4"" x 4ft,7"" x 5"" x 3ft,7"" x 5"" x 4ft,7"" x 6"" x 3ft,7"" x 6"" x 4ft,8"" x 4"" x 3ft,8"" x 4"" x 4ft,8"" x 6"" x 3ft,8"" x 6"" x 4ft",
"Handmade Oak Door Stop with Twisted Jute Twisted Rope, Solid Rustic Wood Block Holder House Warming Wooden Gift","Our Solid Oak Door Stops with Twisted Jute Rope are crafted to order thus available in a variety if sizes and heights . Shall you have special needs please message us so we can discuss details.

Our Oak Door Blocks can be perfect finishing touch to your patio or any other doors. Massive Jute Twisted Rope can be perfect touch to your home decor.


WHAT YOU WILL BE RECEIVING:

#NAME?

Our products are hand planed and sanded, therefore finished size can deviate up to 1/2"".

Please note, oak beams are natural products and comes with its own cracks, shakes, splits, knocks and other individual characteristics. Changes on appearance on some small level may continue until oak has fully settled. These are not considered as defects, we trust it will add a hint of nature to your home.

Product color is generally light oak, although it is not uncommon for it to be with some slightly darker shades.

As all our products are made to order we generally get them dispatched within 5 working days, but if you require your order before a certain date please get in touch to check we can meet your deadline prior to ordering.",39,GBP,4,"Natural_Oak,Solid_Oak,Handmade,Vintage,Entryway,Hallway,Utility_Room,Bedroom,Bathroom,Jute_Rope,Twisted_Rope",,https://i.etsystatic.com/19500261/r/il/082349/4100801235/il_fullxfull.4100801235_plpe.jpg,https://i.etsystatic.com/19500261/r/il/2c69ab/4100719751/il_fullxfull.4100719751_4m3e.jpg,https://i.etsystatic.com/19500261/r/il/9927b9/4100720829/il_fullxfull.4100720829_75hj.jpg,https://i.etsystatic.com/19500261/r/il/fbc0e4/4100720845/il_fullxfull.4100720845_oorc.jpg,https://i.etsystatic.com/19500261/r/il/b33916/4100720843/il_fullxfull.4100720843_g9af.jpg,https://i.etsystatic.com/19500261/r/il/ca5efe/4053071682/il_fullxfull.4053071682_dvk7.jpg,https://i.etsystatic.com/19500261/r/il/419bfb/3999354746/il_fullxfull.3999354746_71hv.jpg,,,,Custom Property,Size,"4""x4""x8"",5""x5""x8"",6""x6""x8"",Custom Property"",""Oil Colour"",""Clear,Old Oak,Dark,Grey,Light Grey,White",,,,
"Bespoke solid Oak Cube Block up to 38x38cm, Bedside Coffee Side Drink Lamp Table Rustic Wood Slab, Nightstand Industrial Beam Huge Large","The unique Oak Block is hand crafted from solid oak slab which will give your home a beautiful nice industrial and rustic feel.

This piece makes a perfect addition to your home!

- Dimensions available up to 38x38cm. Shall you have special idea or project please message to discuss option available. (dimensions Pictured: width 28cm x length 28cm x height 25 and 40cm.

Each wood piece is handpicked and will have its own unique shape, color, and grain pattern. No two pieces will be alike. Due to size of wood, it has natural splits, and some level of cracking can continue for some time.
  
DELIVERY

Once your order is placed it can take up to two weeks to make and dispatch your oak block. If you require your table before a certain date please get in touch to check we can meet your deadline prior to ordering.  


IMPORTANT: Please note, our products are made from natural solid oak and come with their own cracks, splits, knocks and other individual characteristics. Changes of appearance on some small level may continue until the oak beam has fully settled. These are not considered as defects. Our products are hand planed and sanded, therefore finished size can deviate.",83,GBP,4,"Rustic,Industrial,Oak,Solid,Bed_Side,Bedside,Coffee,Table,Stand,Cube,Block,Side_Table,Cube_Stool",,https://i.etsystatic.com/19500261/r/il/745ae9/4835419929/il_fullxfull.4835419929_o2o1.jpg,https://i.etsystatic.com/19500261/r/il/bc9e1b/4835417679/il_fullxfull.4835417679_ewol.jpg,https://i.etsystatic.com/19500261/r/il/aee096/4835420255/il_fullxfull.4835420255_bme2.jpg,https://i.etsystatic.com/19500261/r/il/b14b09/4835420631/il_fullxfull.4835420631_55eo.jpg,https://i.etsystatic.com/19500261/r/il/3b0361/4787156060/il_fullxfull.4787156060_9il4.jpg,https://i.etsystatic.com/19500261/r/il/971174/4787153100/il_fullxfull.4787153100_ggzk.jpg,https://i.etsystatic.com/19500261/r/il/042565/4787152060/il_fullxfull.4787152060_4wn0.jpg,https://i.etsystatic.com/19500261/r/il/7a7ab3/4835421501/il_fullxfull.4835421501_9cnp.jpg,https://i.etsystatic.com/19500261/r/il/6497ee/7083148105/il_fullxfull.7083148105_c4n8.jpg,,Custom Property,Size (cm),"15cm x 15cm  x 25cm,15cm x 15cm x 35cm,15cm x 15cm x 45cm,15cm x 15cm x 55cm,23cm x 23cm x 25cm,23cm x 23cm x 35cm,23cm x 23cm x 45cm,23cm x 23cm x 55cm,28cm x 28cm x 25cm,28cm x 28cm x 35cm,28cm x 28cm x 45cm,28cm x 28cm x 55cm,33cm x 33cm x 25cm,33cm x 33cm x 35cm,33cm x 33cm x 45cm,33cm x 33cm x 55cm,38cm x 38cm x 25cm,38cm x 38cm x 35cm,38cm x 38cm x 45cm,38cm x 38cm x 55cm",Custom Property,Colour,"Clear,Old Oak,Dark,Grey,Light Grey,White",
"Floating Oak Mantle Shelf-Bespoke Sizes, Pre-Drilled, Fixings Included, Oiled Fireplace Mantlepiece Wood Lintel Log Kiln Burner Mantel beem","Our Oak Mantel Beams are crafted to order, thus available in a variety of sizes and lengths - shall you need custom length please send a message with your requirements. Would you like to have Solid Oak Shelves to match your mantle beam, we can help as well.

We offer three different styles of finishing: sanded, lightly worked or heavily worked.

#NAME?
#NAME?
#NAME?

WHAT YOU WILL BE RECEIVING:

#NAME?
#NAME?
#NAME?

Our products are hand planed and sanded, therefore finished size can deviate up to 1/3"".

Please note, oak beams are natural products and comes with its own cracks, shakes, splits, knocks and other individual characteristics. Changes on appearance on some small level may continue until oak has fully settled. These are not considered as defects, we trust it will add a hint of nature to your home. 

Product color is generally light oak, although it is not uncommon for it to be with some slightly darker shades.

As all beams are made to order we generally get them dispatched within 5 working days, but if you require your order before a certain date please get in touch to check we can meet your deadline prior to ordering.",20,GBP,12,"Oak_Mantle,Oak_Mantel,Lintel,Mantle_Shelf,Oak_Mantle_Beam,Oak_Mantel_Fireplace,Oak_Mantel_Beam,Mantel_Shelf,Floating_Shelf,eichenbalken,viga_madera,Traditional_Beam,mensola_camino",,https://i.etsystatic.com/19500261/r/il/9902d7/6210746547/il_fullxfull.6210746547_tvvy.jpg,https://i.etsystatic.com/19500261/r/il/a85718/5405151409/il_fullxfull.5405151409_m1mq.jpg,https://i.etsystatic.com/19500261/r/il/1d3f51/3837946988/il_fullxfull.3837946988_p60v.jpg,https://i.etsystatic.com/19500261/r/il/480a17/5356982540/il_fullxfull.5356982540_gic9.jpg,https://i.etsystatic.com/19500261/r/il/3058c9/5356982068/il_fullxfull.5356982068_1sow.jpg,https://i.etsystatic.com/19500261/r/il/3bd9cc/7685261510/il_fullxfull.7685261510_5wkn.jpg,https://i.etsystatic.com/19500261/r/il/99e2fd/3579645041/il_fullxfull.3579645041_8hz7.jpg,https://i.etsystatic.com/19500261/r/il/f6fd33/3532002852/il_fullxfull.3532002852_iwrg.jpg,https://i.etsystatic.com/19500261/r/il/c915b0/3579645035/il_fullxfull.3579645035_rjmx.jpg,https://i.etsystatic.com/19500261/r/il/95f3f3/3532033742/il_fullxfull.3532033742_e3k6.jpg,Custom Property,Beam Size (Front Side x Top Side):,"3""x4"" (7,6x10,2cm),3""x5"" (7,6x12,7cm),3""x6"" (7,6x15,2cm),4""x4"" (10,2x10,2cm),4""x5"" (10,2x12,7cm),4""x6"" (10,2x15,2cm),5""x3"" (12,7x7,6cm),5""x4"" (12,7x10,2cm),5""x5"" (12,7x12,7cm),5""x6"" (12,7x15,2cm),6""x3"" (15,2x7,6cm),6""x4"" (15,2x10,2cm),6""x5"" (15,2x12,7cm),6""x6"" (15,2x15,2cm),7""x3"" (17,8x7,6cm),7""x4"" (17,8x10,2cm),7""x5"" (17,8x12,7cm),7""x6"" (17,8x15,2cm),8""x3"" (20,3x7,6cm),8""x4"" (20,3x10,2cm),8""x5"" (20,3x12,7cm),8""x6"" (20,3x15,2cm),9""x3"" (22,9x7,6cm),9""x4"" (22,9x10,2cm),9""x5"" (22,9x12,7cm),9""x6"" (22,9x15,2cm),Sample1",Custom Property,Beam Lenght:,"3ft (91,4cm),3,5ft (106.7cm),4ft (121,9cm),4,5ft (137,2cm),5ft (152,4cm),5,5ft (167,6cm),6ft (182,9cm),6,5ft (198,1cm),Sample2",MantleBeam3
SET of Oak Coat Rack (2 pcs) Handmade Wooden Hook Entryway Shelf Cast Iron Hooks Towel hanger Rail Wood Wall mounted furniture retro classic,"This listing is for 2 pieces of Oak Coat Racks, - one/top piece is made with shelf and another without shelf. This matching set of Coat Racks will help to involve your little ones into organizing your hallway.
Our Coat Racks are made from solid natural oak, with shelf and classical hooks can be perfect finishing touch to your hallway, kitchen or bathroom.
Regardless of your home decor – modern or traditional one, our classic design Coat Racks, with variety of oil colours will fit right into it. 
Our Coat Racks are handmade to order, so can be adjusted to fit your need exactly, just order a shelf which is the next size up to your needs and leave us a note on order. 

DIMENTIONS:
HIGHT: 17cm
DEPTH: 10cm
LENGHT:
2 Hooks – 40cm
3 Hooks – 52cm
4 Hooks – 64cm
5 Hooks – 76cm
6 Hooks – 88cm
7 Hooks – 98cm
8 Hooks – 110cm
9 Hooks – 120cm
10 Hooks – 130cm
11 Hooks – 140cm
12 Hooks – 150cm.

INSTALLATION:
Our Coat Rack will be supplied fully assembled. We will provide fixings suitable for solid wall.

Every Coat Rack is unique as every bit of oak is having its own character including different oak colours and small knots.",20,GBP,15,"Natural_Oak,Solid_Oak,Handmade,Coat_Rack,With_Shelf,Vintage,Entryway,Cast_Iron,Hooks,Hallway,Utility_Room,Bedroom,Bathroom",,https://i.etsystatic.com/19500261/r/il/9cf5df/6844752082/il_fullxfull.6844752082_9ysc.jpg,https://i.etsystatic.com/19500261/r/il/84f434/4835339969/il_fullxfull.4835339969_1hai.jpg,https://i.etsystatic.com/19500261/r/il/ea53d9/4835341531/il_fullxfull.4835341531_jq7p.jpg,https://i.etsystatic.com/19500261/r/il/7655d5/3757368530/il_fullxfull.3757368530_t05u.jpg,https://i.etsystatic.com/19500261/r/il/c17819/3804962243/il_fullxfull.3804962243_3i3b.jpg,https://i.etsystatic.com/19500261/r/il/071839/3999341768/il_fullxfull.3999341768_qfp6.jpg,https://i.etsystatic.com/19500261/r/il/94e1c0/6892671383/il_fullxfull.6892671383_kqae.jpg,https://i.etsystatic.com/19500261/r/il/6ec1c7/6892671549/il_fullxfull.6892671549_alcu.jpg,https://i.etsystatic.com/19500261/r/il/b683ea/7957284004/il_fullxfull.7957284004_18cd.jpg,https://i.etsystatic.com/19500261/r/il/eccb77/7957284130/il_fullxfull.7957284130_69qc.jpg,Custom Property,Size,"40cm - 2 Hooks,52cm - 3 Hooks,64cm - 4 Hooks,76cm - 5 Hooks,88cm - 6 Hooks,98cm - 7 Hooks,110cm - 8 Hooks,120cm - 9 Hooks,130cm - 10 Hooks,140cm - 11 Hooks,150cm - 12 Hooks,Colour Sample",Custom Property,Oil Colour + Hooks Colour,"Clear + Black,Clear + Gold,Clear + Old Copper,Clear + Chrome,Clear + Old Brass,Old Oak + Black,Old Oak + Gold,Old Oak + Old Copper,Old Oak + Chrome,Old Oak + Old Brass,Dark + Black,Dark + Gold,Dark + Old Copper,Dark + Chrome,Dark + Old Brass,Grey + Black,Grey + Gold,Grey + Old Copper,Grey + Chrome,Grey + Old Brass,Ligth Grey + Black,Light Grey + Gold,Light Grey+OldCopper,Light Grey + Chrome,Light Grey+Old Brass,White + Black,White + Gold,White + Old Copper,White + Chrome,White + Old Brass",CRDouble2
"Oak Mantle Beam - Size variations, Pre-Drilled, Oiled, Free Fixings. Fireplace Mantelpiece Solid Wood Lintel for Log Burner Mantle Shelf","Our Oak Mantel Beams are crafted to order, thus available in a variety of sizes and lengths - shall you need custom length please send a message with your requirements. We offer three different styles of finishing: sanded, lightly worked or heavily worked.

#NAME?
#NAME?
#NAME?

WHAT YOU WILL BE RECEIVING:

#NAME?
#NAME?
#NAME?

Our products are hand planed and sanded, therefore finished size can deviate up to 1/3"".

Please note, oak beams are natural products and comes with its own cracks, shakes, splits, knocks and other individual characteristics. Changes on appearance on some small level may continue until oak has fully settled. These are not considered as defects, we trust it will add a hint of nature to your home. 

Product color is generally light oak, although it is not uncommon for it to be with some slightly darker shades.

As all beams are made to order we generally get them dispatched within 5 working days, but if you require your order before a certain date please get in touch to check we can meet your deadline prior to ordering.",20,GBP,10,"Fireplace_beam,oak_beam_fireplace,oak_mantel,mantelpiece_beam,oak_mantle_beam,fireplace_mantel,oak_mantle,beam,old_wood_mantel,fire_place_mantel,oak_beam,wood_beam,wooden_mantle",,https://i.etsystatic.com/19500261/r/il/0ac18f/4260004617/il_fullxfull.4260004617_iuf5.jpg,https://i.etsystatic.com/19500261/r/il/1c59fa/4260006933/il_fullxfull.4260006933_1we8.jpg,https://i.etsystatic.com/19500261/r/il/58832f/7733204427/il_fullxfull.7733204427_niah.jpg,https://i.etsystatic.com/19500261/r/il/2562d3/3699940448/il_fullxfull.3699940448_d81j.jpg,https://i.etsystatic.com/19500261/r/il/cfd2ba/3747527563/il_fullxfull.3747527563_5hol.jpg,https://i.etsystatic.com/19500261/r/il/99e2fd/3579645041/il_fullxfull.3579645041_8hz7.jpg,https://i.etsystatic.com/19500261/r/il/f6fd33/3532002852/il_fullxfull.3532002852_iwrg.jpg,https://i.etsystatic.com/19500261/r/il/c915b0/3579645035/il_fullxfull.3579645035_rjmx.jpg,https://i.etsystatic.com/19500261/r/il/70c4e6/3699940910/il_fullxfull.3699940910_mqgq.jpg,https://i.etsystatic.com/19500261/r/il/ebc422/3747528135/il_fullxfull.3747528135_1xog.jpg,Custom Property,Beam Size (Front Side x Top Side):,"3""x4"" (7,6x10,2cm),3""x5"" (7,6x12,7cm),3""x6"" (7,6x15,2cm),4""x4"" (10,2x10,2cm),4""x5"" (10,2x12,7cm),4""x6"" (10,2x15,2cm),5""x3"" (12,7x7,6cm),5""x4"" (12,7x10,2cm),5""x5"" (12,7x12,7cm),5""x6"" (12,7x15,2cm),6""x3"" (15,2x7,6cm),6""x4"" (15,2x10,2cm),6""x5"" (15,2x12,7cm),6""x6"" (15,2x15,2cm),7""x3"" (17,8x7,6cm),7""x4"" (17,8x10,2cm),7""x5"" (17,8x12,7cm),7""x6"" (17,8x15,2cm),8""x3"" (20,3x7,6cm),8""x4"" (20,3x10,2cm),8""x5"" (20,3x12,7cm),8""x6"" (20,3x15,2cm),9""x3"" (22,9x7,6cm),9""x4"" (22,9x10,2cm),9""x5"" (22,9x12,7cm),9""x6"" (22,9x15,2cm),Sample1",Custom Property,Beam Lenght:,"3ft (91,4cm),3,5ft (106,7cm),4ft (121,9cm),4,5ft (137,2cm),5ft (152,4cm),5,5ft (167,6cm),6ft (182,9cm),6,5ft (198,1cm),Sample2",MantleBeam6
"Handmade Oak Door Stop with Twisted Jute Twisted Rope, Solid Rustic Wood Block Holder House Warming Wooden Gift Grey Greyish","Our Solid Oak Door Stops with Twisted Jute Rope are crafted to order thus available in a variety if sizes and heights. Shall you have special needs please message us so we can discuss details.

Our Oak Door Blocks can be perfect finishing touch to your patio or any other doors. Massive Jute Twisted Rope can be perfect touch to your home decor.


WHAT YOU WILL BE RECEIVING:

#NAME?

Our products are hand planed and sanded, therefore finished size can deviate up to 1/2"".

Please note, oak beams are natural products and comes with its own cracks, shakes, splits, knocks and other individual characteristics. Changes on appearance on some small level may continue until oak has fully settled. These are not considered as defects, we trust it will add a hint of nature to your home.

Product color is generally light oak, although it is not uncommon for it to be with some slightly darker shades.

As all our products are made to order we generally get them dispatched within 5 working days, but if you require your order before a certain date please get in touch to check we can meet your deadline prior to ordering.",39,GBP,6,"Natural_Oak,Solid_Oak,Handmade,Vintage,Entryway,Hallway,Utility_Room,Bedroom,Bathroom,Jute_Rope,Twisted_Rope",,https://i.etsystatic.com/19500261/r/il/12e415/4835412393/il_fullxfull.4835412393_oorc.jpg,https://i.etsystatic.com/19500261/r/il/082349/4100801235/il_fullxfull.4100801235_plpe.jpg,https://i.etsystatic.com/19500261/r/il/b33916/4100720843/il_fullxfull.4100720843_g9af.jpg,https://i.etsystatic.com/19500261/r/il/419bfb/3999354746/il_fullxfull.3999354746_71hv.jpg,https://i.etsystatic.com/19500261/r/il/ff3296/4053158154/il_fullxfull.4053158154_4m3e.jpg,https://i.etsystatic.com/19500261/r/il/9927b9/4100720829/il_fullxfull.4100720829_75hj.jpg,https://i.etsystatic.com/19500261/r/il/ca5efe/4053071682/il_fullxfull.4053071682_dvk7.jpg,,,,Custom Property,Size,"4""x4""x8"",5""x5""x8"",6""x6""x8"",Custom Property"",""Oil Colour"",""Clear,Old Oak,Dark,Grey,Light Grey,White",,,,
"Handmade Solid Oak Coat Rack Shelf, Dark Hat Hook Wooden Entryway Furniture Cast Iron Hooks, Wall mounted Towel Holder Hanger Rustic Classic","Oak Coat Rack made from solid natural oak, with shelf and classical hooks can be perfect finishing touch to your hallway, kitchen or bathroom.
Regardless of your home decor – modern or traditional one, our classic design Coat Racks, with variety of oil colours will fit right into it. 
Our Coat Racks are handmade to order, so can be adjusted to fit your need exactly, just order a shelf which is the next size up to your needs and leave us a note on order. 

DIMENTIONS:
HIGHT: 17cm
DEPTH: 10cm
LENGHT:
2 Hooks – 40cm
3 Hooks – 52cm
4 Hooks – 64cm
5 Hooks – 76cm
6 Hooks – 88cm
7 Hooks – 98cm
8 Hooks – 110cm
9 Hooks – 120cm
10 Hooks – 130cm
11 Hooks – 140cm
12 Hooks – 150cm.

INSTALLATION:
Our Coat Rack will be supplied fully assembled. We will provide fixings suitable for solid wall.

Every Coat Rack is unique as every bit of oak is having its own character including different oak colours and small knots.",20,GBP,2,"Natural_Oak,Solid_Oak,Handmade,Coat_Rack,With_Shelf,Vintage,Entryway,Cast_Iron,Hooks,Hallway,Utility_Room,Bedroom,Bathroom","Wood,Oak",https://i.etsystatic.com/19500261/r/il/4c74c7/6844714904/il_fullxfull.6844714904_6av9.jpg,https://i.etsystatic.com/19500261/r/il/b3d6f0/6844690404/il_fullxfull.6844690404_94u1.jpg,https://i.etsystatic.com/19500261/r/il/cc1cc7/6844690750/il_fullxfull.6844690750_687j.jpg,https://i.etsystatic.com/19500261/r/il/13e21c/3996314530/il_fullxfull.3996314530_p1uh.jpg,https://i.etsystatic.com/19500261/r/il/24bbbb/4043963901/il_fullxfull.4043963901_4c7s.jpg,https://i.etsystatic.com/19500261/r/il/7655d5/3757368530/il_fullxfull.3757368530_t05u.jpg,https://i.etsystatic.com/19500261/r/il/7998d5/4046970945/il_fullxfull.4046970945_r1lu.jpg,https://i.etsystatic.com/19500261/r/il/66b87b/3999323122/il_fullxfull.3999323122_8m1i.jpg,https://i.etsystatic.com/19500261/r/il/6d2f7e/7957211890/il_fullxfull.7957211890_aklk.jpg,https://i.etsystatic.com/19500261/r/il/bc9478/8005171961/il_fullxfull.8005171961_j6kf.jpg,Custom Property,Size,"40cm - 2 Hooks,52cm - 3 Hooks,64cm - 4 Hooks,76cm - 5 Hooks,88cm - 6 Hooks,98cm - 7 Hooks,110cm - 8 Hooks,120cm - 9 Hooks,130cm - 10 Hooks,140cm - 11 Hooks,150cm - 12 Hooks,SAMPLE of Colour",Custom Property,Oil Colour + Hooks Colour,"Clear + Black,Clear + Gold,Clear + Old Copper,Clear + Chrome,Clear + Old Brass,Old Oak + Black,Old Oak + Gold,Old Oak + Old Copper,Old Oak + Chrome,Old Oak + Old Brass,Dark + Black,Dark + Gold,Dark + Old Copper,Dark + Chrome,Dark + Old Brass,Grey + Black,Grey + Gold,Grey + Old Copper,Grey + Chrome,Grey + Old Brass,Light Grey + Black,Light Grey + Gold,Light Grey+OldCopper,Light Grey + Chrome,Light Grey+Old Brass,White + Black,White + Gold,White + Old Copper,White + Chrome,White + Old Brass",CR3
FLAMED Rustic Mantle Beam X Large All Sizes Pre-Drilled Oiled Free Fixings Fireplace Mantelpiece Solid Wood Lintel Log Burner Mantle Shelf,"Our FLAMED Oak Mantel Beams are crafted to order, thus available in a variety of sizes and lengths - shall you need custom length please send a message with your requirements. We offer three different styles of finishing: sanded, lightly worked or heavily worked.

#NAME?
#NAME?
#NAME?

WHAT YOU WILL BE RECEIVING:

#NAME?
#NAME?
#NAME?

Our products are hand planed and sanded, therefore finished size can deviate up to 1/3"".

Please note, oak beams are natural products and comes with its own cracks, shakes, splits, knocks and other individual characteristics. Changes on appearance on some small level may continue until oak has fully settled. These are not considered as defects, we trust it will add a hint of nature to your home. 

Product color is generally light oak, although it is not uncommon for it to be with some slightly darker shades.

As all beams are made to order we generally get them dispatched within 5 working days, but if you require your order before a certain date please get in touch to check we can meet your deadline prior to ordering.",30,GBP,10,"Flamed_Oak,Flamed_Wood,Oak_Mantle,Oak_Mantel,Lintel,Oak_Mantle_Beam,Oak_Mantel_Fireplace,Oak_Mantel_Beam,Mantel_Shelf,eichenbalken,viga_madera,mensola_camino,Traditional_Beam",,https://i.etsystatic.com/19500261/r/il/b3a683/3906986417/il_fullxfull.3906986417_2t43.jpg,https://i.etsystatic.com/19500261/r/il/92ac16/3838212616/il_fullxfull.3838212616_83nt.jpg,https://i.etsystatic.com/19500261/r/il/d0002c/3838902894/il_fullxfull.3838902894_lvy3.jpg,https://i.etsystatic.com/19500261/r/il/ffcb2e/3885712877/il_fullxfull.3885712877_gvmx.jpg,https://i.etsystatic.com/19500261/r/il/b31fab/3838869458/il_fullxfull.3838869458_buca.jpg,https://i.etsystatic.com/19500261/r/il/0b0bda/3838902896/il_fullxfull.3838902896_dpqz.jpg,https://i.etsystatic.com/19500261/r/il/f64053/7733204783/il_fullxfull.7733204783_3t2y.jpg,https://i.etsystatic.com/19500261/r/il/99e2fd/3579645041/il_fullxfull.3579645041_8hz7.jpg,https://i.etsystatic.com/19500261/r/il/f6fd33/3532002852/il_fullxfull.3532002852_iwrg.jpg,https://i.etsystatic.com/19500261/r/il/c915b0/3579645035/il_fullxfull.3579645035_rjmx.jpg,Custom Property,Beam Size (Front Side x Top Side):,"3""x4"" (7,6x10,2cm),3""x5"" (7,6x12,7cm),3""x6"" (7,6x15,2cm),4""x4"" (10,2x10,2cm),4""x5"" (10,2x12,7cm),4""x6"" (10,2x15,2cm),5""x3"" (12,7x7,6cm),5""x4"" (12,7x10,2cm),5""x5"" (12,7x12,7cm),5""x6"" (12,7x15,2cm),6""x3"" (15,2x7,6cm),6""x4"" (15,2x10,2cm),6""x5"" (15,2x12,7cm),6""x6"" (15,2x15,2cm),7""x3"" (17,8x7,6cm),7""x4"" (17,8x10,2cm),7""x5"" (17,8x12,7cm),7""x6"" (17,8x15,2cm),8""x3"" (20,3x7,6cm),8""x4"" (20,3x10,2cm),8""x5"" (20,3x12,7cm),8""x6"" (20,3x15,2cm),9""x3"" (22,9x7,6cm),9""x4"" (22,9x10,2cm),9""x5"" (22,9x12,7cm),9""x6"" (22,9x15,2cm),Sample1",Custom Property,Beam Lenght:,"3ft (91,4cm),3,5ft (106,7cm),4ft (121,9cm),4,5ft (137,2cm),5ft (152,4cm),5,5ft (167,6cm),6ft (182,9cm),6,5ft (198,1cm),Sample2",
"Rustic Mantle Beam - All Sizes, Oiled, Pre-Drilled, Free Fixings. Fireplace Mantelpiece Solid Wood Lintel for Log Burner Mantle Shelf","Our Oak Mantel Beams are crafted to order, thus available in a variety of sizes and lengths - shall you need custom length please send a message with your requirements. We offer three different styles of finishing: sanded, lightly worked or heavily worked.

#NAME?
#NAME?
#NAME?

WHAT YOU WILL BE RECEIVING:

#NAME?
#NAME?
#NAME?

Our products are hand planed and sanded, therefore finished size can deviate up to 1/3"".

Please note, oak beams are natural products and comes with its own cracks, shakes, splits, knocks and other individual characteristics. Changes on appearance on some small level may continue until oak has fully settled. These are not considered as defects, we trust it will add a hint of nature to your home. 

Product color is generally light oak, although it is not uncommon for it to be with some slightly darker shades.

As all beams are made to order we generally get them dispatched within 5 working days, but if you require your order before a certain date please get in touch to check we can meet your deadline prior to ordering.",20,GBP,7,"mantle_shelf,oak_mantle_beam,fireplace_beam,mantel_shelf,oak_mantle,fireplace_mantel,oak_beam,mantle_beam,wooden_mantle,mantle,wooden_beam,wooden_mantel,oak_mantel",,https://i.etsystatic.com/19500261/r/il/6d144a/4151860464/il_fullxfull.4151860464_57e5.jpg,https://i.etsystatic.com/19500261/r/il/11f379/4151869104/il_fullxfull.4151869104_ag4s.jpg,https://i.etsystatic.com/19500261/r/il/70563e/4259993805/il_fullxfull.4259993805_sdr5.jpg,https://i.etsystatic.com/19500261/r/il/1c4aed/3579676441/il_fullxfull.3579676441_gic9.jpg,https://i.etsystatic.com/19500261/r/il/7cc322/7685262884/il_fullxfull.7685262884_k1dc.jpg,https://i.etsystatic.com/19500261/r/il/99e2fd/3579645041/il_fullxfull.3579645041_8hz7.jpg,https://i.etsystatic.com/19500261/r/il/f6fd33/3532002852/il_fullxfull.3532002852_iwrg.jpg,https://i.etsystatic.com/19500261/r/il/c915b0/3579645035/il_fullxfull.3579645035_rjmx.jpg,https://i.etsystatic.com/19500261/r/il/946692/3532033738/il_fullxfull.3532033738_m1mq.jpg,https://i.etsystatic.com/19500261/r/il/3c1a11/1814455945/il_fullxfull.1814455945_c4jz.jpg,Custom Property,Beam Size (Front Side x Top Side):,"3""x4"" (7,6x10,2cm),3""x5"" (7,6x12,7cm),3""x6"" (7,6x15,2cm),4""x4"" (10,2x10,2cm),4""x5"" (10,2x12,7cm),4""x6"" (10,2x15,2cm),5""x3"" (12,7x7,6cm),5""x4"" (12,7x10,2cm),5""x5"" (12,7x12,7cm),5""x6"" (12,7x15,2cm),6""x3"" (15,2x7,6cm),6""x4"" (15,2x10,2cm),6""x5"" (15,2x12,7cm),6""x6"" (15,2x15,2cm),7""x3"" (17,8x7,6cm),7""x4"" (17,8x10,2cm),7""x5"" (17,8x12,7cm),7""x6"" (17,8x15,2cm),8""x3"" (20,3x7,6cm),8""x4"" (20,3x10,2cm),8""x5"" (20,3x12,7cm),8""x6"" (20,3x15,2cm),9""x3"" (22,9x7,6cm),9""x4"" (22,9x10,2cm),9""x5"" (22,9x12,7cm),9""x6"" (22,9x15,2cm),Sample1",Custom Property,Beam Lenght:,"3ft (91,4cm),3,5ft (106,7cm),4ft (121,9cm),4,5ft (137,2cm),5ft (152,4cm),5,5ft (167,6cm),6ft (182,9cm),6,5ft (198,1cm),Sample2",MantleBeam5Old
Oak Mantel Beam with CORBELS Floating Mantle Shelf Mantelpiece Wood Lintel Log Kiln Burner Fireplace,"Our Oak Mantel Beams with CORBELS are crafted to order, thus available in a variety of sizes and lengths - shall you need custom length please send a message with your requirements. We offer three different styles of finishing: sanded, lightly worked or heavily worked.


#NAME?
#NAME?
#NAME?

WHAT YOU WILL BE RECEIVING:

#NAME?
#NAME?
- A pair of Corbels of selected type (A or B, please send us a message with preferred type)
#NAME?

Our products are hand planed and sanded, therefore finished size can deviate up to 1/3"".

Please note, oak beams are natural products and comes with its own cracks, shakes, splits, knocks and other individual characteristics. Changes on appearance on some small level may continue until oak has fully settled. These are not considered as defects, we trust it will add a hint of nature to your home. 

Product color is generally light oak, although it is not uncommon for it to be with some slightly darker shades.

As all beams are made to order we generally get them dispatched within 5 working days, but if you require your order before a certain date please get in touch to check we can meet your deadline prior to ordering.",20,GBP,6,"Corbels,Oak_Mantle,Oak_Mantel,Lintel,Mantle_Shelf,Oak_Mantle_Beam,Oak_Mantel_Fireplace,Oak_Mantel_Beam,Mantel_Shelf,Floating_Shelf,Traditional_Beam,eichenbalken,viga_madera",,https://i.etsystatic.com/19500261/r/il/459fff/5854558715/il_fullxfull.5854558715_ple5.jpg,https://i.etsystatic.com/19500261/r/il/d31b7d/5854559075/il_fullxfull.5854559075_by2r.jpg,https://i.etsystatic.com/19500261/r/il/441b3d/5806474800/il_fullxfull.5806474800_rirh.jpg,https://i.etsystatic.com/19500261/r/il/fa72d2/5854560609/il_fullxfull.5854560609_9af0.jpg,https://i.etsystatic.com/19500261/r/il/23f298/7733205859/il_fullxfull.7733205859_cxj8.jpg,https://i.etsystatic.com/19500261/r/il/99e2fd/3579645041/il_fullxfull.3579645041_8hz7.jpg,https://i.etsystatic.com/19500261/r/il/f6fd33/3532002852/il_fullxfull.3532002852_iwrg.jpg,https://i.etsystatic.com/19500261/r/il/c915b0/3579645035/il_fullxfull.3579645035_rjmx.jpg,https://i.etsystatic.com/19500261/r/il/ac288c/3838309352/il_fullxfull.3838309352_2997.jpg,https://i.etsystatic.com/19500261/r/il/35a431/3838309354/il_fullxfull.3838309354_8ve0.jpg,Custom Property,Beam Size (Front Side x Top Side):,"3""x4"" (7,6x10,2cm),3""x5"" (7,6x12,7cm),3""x6"" (7,6x15,2cm),4""x4"" (10,2x10,2cm),4""x5"" (10,2x12,7cm),4""x6"" (10,2x15,2cm),5""x3"" (12,7x7,6cm),5""x4"" (12,7x10,2cm),5""x5"" (12,7x12,7cm),5""x6"" (12,7x15,2cm),6""x3"" (15,2x7,6cm),6""x4"" (15,2x10,2cm),6""x5"" (15,2x12,7cm),6""x6"" (15,2x15,2cm),7""x3"" (17,8x7,6cm),7""x4"" (17,8x10,2cm),7""x5"" (17,8x12,7cm),7""x6"" (17,8x15,2cm),8""x3"" (20,3x7,6cm),8""x4"" (20,3x10,2cm),8""x5"" (20,3x12,7cm),8""x6"" (20,3x15,2cm),9""x3"" (22,9x7,6cm),9""x4"" (22,9x10,2cm),9""x5"" (22,9x12,7cm),9""x6"" (22,9x15,2cm),Sample1",Custom Property,Beam Lenght:,"3ft (91,4cm),3,5ft (106,7cm),4ft (121,9cm),4,5ft (137,2cm),5ft (152,4cm),5,5ft (167,6cm),6ft (182,9cm),6,5ft (198,1cm),Sample2"",""Mantle Beam  Corbels",
"Handmade SOLID OAK Coat Rack with Shelf,  Wooden Entryway Hook Cast Iron Hooks, Towel hanger, Wall mounted furniture retro classic vintage","Coat Rack made from solid natural oak, with shelf and classical hooks can be perfect finishing touch to your hallway, kitchen or bathroom.
Regardless of your home decor – modern or traditional one, our classic design Coat Racks, with variety of oil colours will fit right into it. 
Our Coat Racks are handmade to order, so can be adjusted to fit your need exactly, just order a shelf which is the next size up to your needs and leave us a note on order. 

DIMENTIONS:
HIGHT: 17cm
DEPTH: 10cm
LENGHT:
2 Hooks – 40cm
3 Hooks – 52cm
4 Hooks – 64cm
5 Hooks – 76cm
6 Hooks – 88cm
7 Hooks – 98cm
8 Hooks – 110cm
9 Hooks – 120cm
10 Hooks – 130cm
11 Hooks – 140cm
12 Hooks – 150cm.

INSTALLATION:
Our Coat Rack will be supplied fully assembled. We will provide fixings suitable for solid wall.

Every Coat Rack is unique as every bit of oak is having its own character including different oak colours and small knots.",20,GBP,12,"Natural_Oak,Solid_Oak,Handmade,Coat_Rack,With_Shelf,Vintage,Entryway,Cast_Iron,Hooks,Hallway,Utility_Room,Bedroom,Bathroom","Wood,Oak",https://i.etsystatic.com/19500261/r/il/925991/6844730362/il_fullxfull.6844730362_f6n1.jpg,https://i.etsystatic.com/19500261/r/il/7655d5/3757368530/il_fullxfull.3757368530_t05u.jpg,https://i.etsystatic.com/19500261/r/il/c17819/3804962243/il_fullxfull.3804962243_3i3b.jpg,https://i.etsystatic.com/19500261/r/il/78c4c1/3757368514/il_fullxfull.3757368514_ng6c.jpg,https://i.etsystatic.com/19500261/r/il/071839/3999341768/il_fullxfull.3999341768_qfp6.jpg,https://i.etsystatic.com/19500261/r/il/0254c0/4046990053/il_fullxfull.4046990053_l09n.jpg,https://i.etsystatic.com/19500261/r/il/4c2842/6892674693/il_fullxfull.6892674693_7du0.jpg,https://i.etsystatic.com/19500261/r/il/18f8a5/6844699152/il_fullxfull.6844699152_gxl4.jpg,https://i.etsystatic.com/19500261/r/il/0f9247/7957108860/il_fullxfull.7957108860_5hd5.jpg,https://i.etsystatic.com/19500261/r/il/092ac1/8005067823/il_fullxfull.8005067823_sgrq.jpg,Custom Property,Size,"40cm - 2 Hooks,52cm - 3 Hooks,64cm - 4 Hooks,76cm - 5 Hooks,88cm - 6 Hooks,98cm - 7 Hooks,110cm - 8 Hooks,120cm - 9 Hooks,130cm - 10 Hooks,140cm - 11 Hooks,150cm - 12 Hooks,Colour Sample",Custom Property,Oil Colour + Hooks Colour,"Clear + Black,Clear + Gold,Clear + Old Copper,Clear + Chrome,Clear + Old Brass,Old Oak + Black,Old Oak + Gold,Old Oak + Old Copper,Old Oak + Chrome,Old Oak + Old Brass,Dark + Black,Dark + Gold,Dark + Old Copper,Dark + Chrome,Dark + Old Brass,Grey + Black,Grey + Gold,Grey + Old Copper,Grey + Chrome,Grey + Old Brass,Ligth Grey + Black,Light Grey + Gold,Light Grey+OldCopper,Light Grey + Chrome,Light Grey+Old Brass,White + Black,White + Gold,White + Old Copper,White + Chrome,White + Old Brass",CR7
